<?xml version="1.0" encoding="UTF-8"?>
<addon id="plugin.video.pokemontvbr" version="3.0.0+matrix" name="Pokemon TV" provider-name="TehTux, PvD (Matrix) Mod by Kodish">
<requires>
  <import addon="xbmc.python" version="3.0.0"/>
  <import addon="script.module.requests" version="2.7.0"/>
</requires>
<extension point="xbmc.python.pluginsource" library="main.py">
  <provides>video</provides>
</extension>
<extension point="xbmc.addon.metadata">
  <summary lang="en">Kodi Video Plugin da Pokemon TV</summary>
  <description lang="en">Este é um plugin de vídeo não oficial para Pokemon TV (https://watch.pokemon.com).</description>
  <language>en</language>
  <platform>all</platform>
  <source></source>
  <assets>
    <icon>resources\icon.png</icon>
    <fanart>resources\fanart.jpg</fanart>
    <screenshot>resources\screen-01.jpg</screenshot>
    <screenshot>resources\screen-02.jpg</screenshot>
    <screenshot>resources\screen-03.jpg</screenshot>    
  </assets>
  <news></news>
</extension>
</addon>