<?xml version="1.0" encoding="UTF-8" standalone="yes"?>
<addon id="plugin.video.coinconter" name="Contador de Moedas" version="1.0" provider-name="Kodish Team">
  <requires>
	
	<trycatch>
            <try>
                <import addon="xbmc.python" version="3.0.0"/>
            </try>

            <catch>
                <import addon="xbmc.python" version="2.24.0"/>
            </catch>
        </trycatch>
  
  
       <import addon="plugin.video.youtube" version="5.0.0"/>
  </requires>
 <extension point="xbmc.python.pluginsource" library="default.py">
    <provides>executable</provides>
 </extension>
 <extension point="xbmc.addon.metadata">
    <summary lang="en">Contador de Moedas</summary>
    <description lang="en">Contador de Moedas</description>
    <platform>all</platform>
    <forum></forum>
    <website></website>
    <assets>
    <icon>icon.jpg</icon>
    </assets>
 </extension>
</addon>