<?xml version="1.0" encoding="UTF-8" standalone="yes"?>
<addon id="plugin.video.chillout" name="Chill Out" version="KDS2.1" provider-name="KODIMAN / HSK - DE  mod Kodish Team">
  <requires>
    <import addon="xbmc.python2" version="3.0.0"/>
    <import addon="plugin.video.youtube" version="5.0.0"/>
  </requires>
 <extension point="xbmc.python.pluginsource" library="default.py">
    <provides>video</provides>
 </extension>
 <extension point="xbmc.addon.metadata">
    <summary lang="en">Chill Out</summary>
    <description lang="en">Besucht uns im Forum: https://www.kodiman.company/ oder auf Facebook: https://www.facebook.com/groups/hskde/</description>
    <platform>all</platform>
    <forum></forum>
    <website></website>
    <assets>
    <icon>icon.png</icon>
	<fanart>fanart.jpg</fanart>
    </assets>
 </extension>
</addon>
