<?xml version="1.0" encoding="UTF-8" standalone="yes"?>
<addon id="script.flix.rajada" name="Flix [COLOR FFFF6B00]Rajada[/COLOR]" version="0.5.1" provider-name="gbchr">
    <requires>
        <import addon="xbmc.addon" version="16.0.0" />
        <import addon="plugin.video.torrest" optional="true"/>
        <import addon="plugin.video.flix" />
        <import addon="script.module.kodi-six" />
        <import addon="script.module.requests" />
        <import addon="script.module.future" version="0.16.0.4"/>
        <import addon="resource.language.pt_br" optional="true"/>
    </requires>
    <extension point="xbmc.python.script" library="flix_main.py">
        <provides>executable</provides>
    </extension>
    <extension point="xbmc.addon.metadata">
		<summary lang="pt">Provedor de torrents para o Torrest, focado em trackers brasileiros</summary>
        <summary lang="en">Torrest torrents provider focused on brazilian trackers</summary>
        <summary lang="hr">Torrest torrent pružatelji usluga</summary>
        <summary lang="es">Proveedor de torrents Torrest</summary>
        <summary lang="ru">Поисковое дополнение Torrest</summary>
        <summary lang="sv">Torrest-torrentleverantör</summary>
        <description lang="pt">Flix Rajada é um multi-provedor leve e eficiente para o Torrest.</description>
		<description lang="en">Flix Rajada is a lean and mean multi-provider for Torrest.</description>
        <description lang="hr">Flix Rajada je višestruki pružatelj usluga za Torrest.</description>
        <description lang="es">Flix Rajada es un multi-proveedor simple y eficiente para Torrest.</description>
        <description lang="ru">Flix Rajada это поисковое дополнение, для поиска торрентов для Torrest.</description>
        <description lang="sv">Flix Rajada är en enkel och effektiv multi-leverantör för Torrest.</description>
        <disclaimer lang="pt">O autor não hospeda nem distribui nenhum conteúdo exibido por este addon. O autor não tem nenhuma afiliação com os provedores de conteúdo.</disclaimer>
		<disclaimer lang="en">The author does not host or distribute any of the content displayed by this addon. The author does not have any affiliation with the content providers.</disclaimer>
        <disclaimer lang="hr">Autor ovog dodatka ne posjeduje i ne distribuira bilo kakav sadržaj koji je pronađen. Autor nije povezan sa bilo kojim izvorom sadržaja.</disclaimer>
        <disclaimer lang="es">El autor no aloja ni distribuye ninguno de los contenidos mostrados por este complemento. El autor no tiene ninguna afiliación con los proveedores de contenido.</disclaimer>
        <disclaimer lang="ru">Автор не несёт ответственности за использование дополнения, не распространяет данные, выводимые дополнением.</disclaimer>
        <disclaimer lang="sv">Skaparen är inte värd eller distribuerar något av innehållet som visas av detta tillägg. Skaparen har ingen anslutning till innehållsleverantörerna.</disclaimer>
        <license>WTFPL, Version 2, December 2004. See included LICENSE.</license>
        <website>https://addon-rajada.github.io/</website>
        <source>https://github.com/addon-rajada/script.elementum.rajada</source>
        <forum>TODO</forum>
        <assets>
            <icon>icon.png</icon>
            <fanart>fanart.jpg</fanart>
        </assets>
    </extension>
</addon>
