<?xml version="1.0" encoding="UTF-8" standalone="yes"?>
<addon id="plugin.video.artflix" name="[B]Artflix[/B]" version="1.0.0" provider-name="Kodish Team"> 
    <requires>
        <import addon="script.module.kodi-six" />
		<import addon="script.module.requests"/>
    </requires>  
    <extension point="xbmc.python.pluginsource" library="default.py">
        <provides>video</provides>
    </extension>
    <extension point="xbmc.addon.metadata">
		<summary lang="pt">Artflix é um canal de Filmes Retro para fans de filmes classicos</summary>
		<description lang="pt">Artflix é um canal de Filmes Retro para fans de filmes classicos</description>
        <platform>all</platform>
        <disclaimer>O Autor não presta suporte ao Addon e Isenta a Kodi Team responsabilidade sobre esse addon pois conteudo se encontra na internet sujeito disponibilidade conforme direito autoral.</disclaimer>
        <assets>
            <icon>icon.png</icon>
            <fanart>fanart.png</fanart>
        </assets>
    </extension>
</addon>    