<?xml version="1.0" encoding="UTF-8" standalone="yes"?>
<addon id="plugin.executable.who" name="who folder" version="1.0" provider-name="Kodish Team">
  <requires>
    <import addon="xbmc.python" version="3.0.0"/>
  </requires>
 <extension point="xbmc.python.pluginsource" library="default.py">
    <provides>executable</provides>
 </extension>
 <extension point="xbmc.addon.metadata">
    <summary lang="en">who folder</summary>
    <description lang="en">Programa permite exibir o diretorio da instalação do Kodi</description>
    <platform>all</platform>
    <forum></forum>
    <website></website>
    <assets>
    <icon>icon.jpg</icon>
    </assets>
 </extension>
</addon>
