<?xml version="1.0" encoding="UTF-8"?>
<addon
  id="vfs.rar"
  version="21.0.2"
  name="RAR archive support"
  provider-name="spiff">
  <requires>
<import addon="kodi.binary.global.main" minversion="2.0.0" version="2.0.2"/>
<import addon="kodi.binary.global.general" minversion="1.0.4" version="1.0.5"/>
<import addon="kodi.binary.global.gui" minversion="5.15.0" version="5.15.0"/>
<import addon="kodi.binary.global.filesystem" minversion="1.1.7" version="1.1.8"/>
<import addon="kodi.binary.instance.vfs" minversion="3.0.1" version="3.0.1"/></requires>
  <extension
    point="kodi.vfs"
    protocols="rar"
    extensions=".rar|.001|.cbr"
    files="true"
    directories="true"
    filedirectories="true"
    encodedhostname="true"
    library_linux="vfs.rar.so.21.0.2" />
  <extension point="xbmc.addon.metadata">
    <platform></platform>
    <license>GPL-2.0-or-later</license>
    <source>https://github.com/xbmc/vfs.rar</source>
    <assets>
      <icon>resources/icon.png</icon>
      <fanart>resources/fanart.jpg</fanart>
    </assets>
    <summary lang="ca_ES">Desarxivador per fitxers .rar</summary>
    <summary lang="de_DE">Entpacker für Rar-Dateien</summary>
    <summary lang="en_GB">Unarchiver for .rar files</summary>
    <summary lang="es_ES">Descompresor de archivos .rar</summary>
    <summary lang="es_MX">Descompresor de archivos .rar</summary>
    <summary lang="et_EE">RAR-failide lahtipakkija</summary>
    <summary lang="fi_FI">Purkulisäosa -rar-tiedostoille</summary>
    <summary lang="fr_FR">Désarchiveur pour les fichiers .rar</summary>
    <summary lang="hr_HR">Raspakiratelj za .rar datoteke</summary>
    <summary lang="id_ID">Pembuka berkas .rar</summary>
    <summary lang="it_IT">Estrattore per file .rar</summary>
    <summary lang="ko_KR">.rar 파일용 아카이브 추출</summary>
    <summary lang="lv_LV">.rar arhīvu atpakotājs</summary>
    <summary lang="nb_NO">Utpakker for .rar-filer</summary>
    <summary lang="pl_PL">Ekstraktor plików .rar</summary>
    <summary lang="pt_BR">Descompactador para arquivos .rar</summary>
    <summary lang="ru_RU">Распаковщик для архивов .rar</summary>
    <summary lang="sv_SE">Uppackare för .rar-filer</summary>
    <summary lang="zh_CN">解压 .rar 文件</summary>
    <description lang="ca_ES">Aquest complement és una utilitat d&apos;extracció per a arxius RAR.[CR][CR]Permet la lectura directa de fitxers RAR sense comprimir, de manera que no és necessari desempaquetar prèviament. Per a la resta de tipus, es desempaqueta temporalment i es passa a Kodi.[CR][CR]Atenció: el tipus d&apos;arxiu &quot;RAR sòlid&quot; requereix descomprimir completament per utilitzar els fitxers. Per tant, els temps d&apos;accés poden ser llargs pels paquets més grans.</description>
    <description lang="de_DE">Dieses Addon dient zum Entpacken von RAR-Archiven.[CR][CR]Es ermöglicht das direkte Lesen nicht komprimierter RAR-Dateien, sodass ein vorheriges Entpacken nicht erforderlich ist. Bei allen anderen Typen wird der Inhalt temporär entpackt und an Kodi übertragen.[CR][CR]Achtung: Der Archivtyp „Solid RAR“ erfordert ein vollständiges Entpacken, um die darin enthaltenen Dateien zu verwenden. Daher können die Zugriffszeiten für größere Pakete länger sein.</description>
    <description lang="en_GB">This addon is an extraction utility for RAR archives.[CR][CR]It allows direct reading of uncompressed RAR files, so prior unpacking is not necessary. For all other types, it is temporarily unpacked and passed to Kodi.[CR][CR]Attention: A &quot;Solid RAR&quot; archive type requires complete unpacking to use files within it. Hence access times may be long for larger packages.</description>
    <description lang="es_ES">Este complemento es una utilidad de extracción para archivos RAR.[CR][CR]Permite la lectura directa de archivos RAR sin comprimir, por lo que no es necesario descomprimirlos previamente.Para todos los demás tipos, se descomprime temporalmente y se pasa a Kodi.[CR][CR]Atención: un tipo de archivo &quot;RAR sólido&quot; requiere una descompresión completa para poder utilizar los archivos que contiene. Por lo tanto, los tiempos de acceso pueden ser largos para paquetes más grandes.</description>
    <description lang="es_MX">Este complemento es una utilidad de extracción para archivos RAR.[CR][CR]Permite lectura directa de archivos RAR sin compresión, así que no es necesario descomprimir previamente. Para todos los demás tipos, se descomprime temporalmente y se pasa esto a Kodi.[CR][CR]Atención: Un archivo del tipo &quot;RAR sólido&quot; requiere descompresión completa para utilizar los archivos dentro de. Debido a esto los tiempos de acceso pueden ser extensos para archivos grandes.</description>
    <description lang="et_EE">See lisamoodul on RAR-arhiivide tööriist.[CR][CR]Ta võimaldab tihendamata RAR-failide otse lugemist, seega pole eelnev lahtipakkimine vajalik. Kõigi muude tüüpide puhul pakitakse see ajutiselt lahti ja edastatakse Kodile.[CR][CR]Tähelepanu: &quot;Solid RAR&quot; arhiivitüüp nõuab selles sisalduvate failide kasutamiseks täielikku lahtipakkimist. Seetõttu võib juurdepääsuaeg suurtes arhiivides asuvatele failidele pikeneda.</description>
    <description lang="fi_FI">Tämä lisäosa on RAR-tiedostojen työkalu.[CR][CR]Se mahdollistaa pakkaamattomien RAR-tiedostojen suoran lukemisen, jolloin pakkaamattomia RAR-tiedostoja ei tarvitse purkaa etukäteen. Kaikki muut tyypit puretaan väliaikaisesti ja välitetään Kodille.[CR][CR]Huomioi: &quot;Solid RAR&quot; -tyyppi vaatii täydellisen purun sen sisältämien tiedostojen käyttämiseksi. Tämän vuoksi suurien tiedostojen käyttöviiveet voivat olla pitkiä.</description>
    <description lang="fr_FR">Cet addon est un utilitaire d&apos;extraction d&apos;archives RAR.[CR][CR]Il permet la lecture directe des fichiers RAR non compressés, de sorte qu&apos;un décompactage préalable n&apos;est pas nécessaire. Pour tous les autres types, il est temporairement décompressé et transmis à Kodi.[CR][CR]Attention : Un type d&apos;archive &quot;Solid RAR&quot; nécessite une décompression complète pour utiliser les fichiers qu&apos;il contient. Par conséquent, les temps d&apos;accès peuvent être longs pour les packages plus volumineux.</description>
    <description lang="hr_HR">Ovaj dodatak je pomagalo raspakiravanja za RAR arhive.[CR][CR]Dopušta izravno čitanje nesažetih RAR datoteka, tako da raspakiravanje nije potrebno. Za sve ostale vrste, privremeno su otpakirane i proslijeđene u Kodi.[CR][CR]Upozorenje: &quot;Čvrsta RAR&quot; arhiva zahtjeva potpuno raspakiravanje kako bi koristila sadržane datoteke. Stoga vrijeme pristupa može biti dugo za veće pakete.</description>
    <description lang="id_ID">Pengaya ini adalah alat ekstrasi untuk arsip RAR.[CR][CR]Ini memungkinkan pembacaan langsung dari berkas RAR yang tidak terkompresi, jadi tidak memerlukan pembukaan. Untuk semua jenis lain, berkasnya dibuka secara sementara dan disediakan ke Kodi.[CR][CR]Perignatan: Sebuah jenis arsip &quot;Solid RAR&quot; memerlukan pembukaan lengkap untuk menggunakan berkas-berkas di dalamnya. Waktu pengaksesan dapat memakan waktu panjang untuk paket yang lebih besar.</description>
    <description lang="it_IT">Questo Add-on è un&apos;utilità di estrazione per archivi RAR.[CR][CR]Consente la lettura diretta di file RAR non compressi, quindi non è necessario decomprimere prima. Per tutti gli altri tipi, viene temporaneamente decompresso e passato a Kodi.[CR][CR]Attenzione: un tipo di archivio &quot;Solid RAR&quot; richiede la decompressione completa per utilizzare i file al suo interno. Quindi i tempi di accesso potrebbero essere lunghi per i pacchetti più grandi.</description>
    <description lang="ko_KR">이 애드온은 RAR 아카이브용 추출 유틸리티입니다.[CR][CR]압축되지 않은 RAR 파일을 직접 읽을 수 있으므로 사전 압축 풀기가 필요하지 않습니다. 다른 모든 유형의 경우 일시적으로 압축을 풀고 Kodi로 전달됩니다.[CR][CR]주의: &quot;Solid RAR&quot; 아카이브 유형은 그 안에 있는 파일을 사용하기 위해 완전히 압축을 풀어야 합니다. 따라서 더 큰 패키지의 경우 액세스 시간이 길어질 수 있습니다.</description>
    <description lang="lv_LV">Šis papildinājums ir RAR arhīvu atpakotājs.[CR][CR]Tas ļauj tieši lasīt nesaspiestus RAR failus, tāpēc nav nepieciešama izsaiņošana. Visiem pārējiem arhīva veidiem arhīvs tiek īslaicīgi izsaiņots un dati tiek pārsūtīti uz Kodi.[CR][CR]Uzmanību: Arhīva formātam &quot;Nepārtraukts RAR&quot; ir nepieciešama pilnīga izpakošana, lai varētu izmantot tajā esošos failus. Tāpēc piekļuves laiks failiem, kas atrodas apjomīgos arhīvos, var pieaugt.</description>
    <description lang="nb_NO">Denne utvidelsen er et utpakkingsverktøy for RAR-arkiv.[CR][CR]Den gjør det mulig å direkte lese av ukomprimerte RAR-filer uten at utpakking er nødvendig. For alle andre typer, pakkes den ut midlertidig før den sendes til Kodi.[CR][CR]Obs: Et &quot;Solid RAR&quot;-arkiv krever fullstendig utpakking for å bruke filene inni, dermed kan åpning ta lang tid for store pakker.</description>
    <description lang="pl_PL">Ten dodatek jest narzędziem do ekstrakcji archiwów RAR.[CR][CR]Pozwala na bezpośredni odczyt nieskompresowanych plików RAR, więc wcześniejsze rozpakowanie nie jest konieczne. W przypadku wszystkich innych typów są one tymczasowo rozpakowywane i przekazywane do Kodi.[CR][CR]Uwaga: typ archiwum „Ciągły RAR” wymaga całkowitego rozpakowania, aby móc korzystać z zawartych w nim plików. Z tego powodu czasy dostępu mogą być długie w przypadku większych pakietów.</description>
    <description lang="pt_BR">Este add-on é um utilitário de extração para arquivos RAR.[CR][CR]Ele permite a leitura direta de arquivos RAR sem compressão, nos quais a descompactação prévia não é necessária. Para todos os outros tipos, os arquivos são descompactados temporariamente e repassados para o Kodi.[CR][CR]Atenção: Um arquivo do tipo &quot;RAR Sólido&quot; requer uma descompactação completa para acesso aos arquivos contidos. Consequentemente, os tempos de acesso podem ser mais longos em pacotes maiores.</description>
    <description lang="ru_RU">Это дополнение представляет собой утилиту для работы с архивами RAR.[CR][CR]Оно позволяет напрямую читать несжатые файлы RAR, поэтому предварительная распаковка не требуется. Для всех остальных типов архив временно распаковывается и данные передаются в Kodi.[CR][CR]Внимание: Тип архива &quot;Непрерывный&quot; требует полной распаковки для использования файлов из него. Поэтому для больших пакетов время доступа увеличится.</description>
    <description lang="sv_SE">Detta tillägg är ett uppackningsverktyg för RAR-arkiv.[CR][CR]Detta gör det möjligt att spela upp okomprimerade RAR-filer utan att de först packas upp. För alla andra typer, packas den upp tillfälligt och skickas sedan till Kodi.[CR][CR]Observera: Ett &quot;Fast&quot; arkiv kräver en komplett uppackning av arkivet. Därför kan uppstartstiden ta lång tid om det är ett stort arkiv.</description>
    <description lang="zh_CN">此插件是 RAR 压缩文件的解压实用程序。[CR][CR]它允许直接读取 RAR 文件，因此无需事先解压缩。对于所有其他类型，它会临时解包并传递给 Kodi。[CR][CR]注意：“Solid RAR”压缩类型需要完全解包才能使用其中的文件。对于较大的压缩包，访问时间可能较长。</description>
  </extension>
</addon>
