<?xml version="1.0" encoding="UTF-8" standalone="yes"?>
<addon id="plugin.video.bestthevoice" name="Best of The Voice" version="KDS1.0" provider-name="Kodish Team">
  <requires>
    <import addon="xbmc.python2" version="3.0.0"/>
    <import addon="plugin.video.youtube" version="5.0.0"/>
  </requires>
 <extension point="xbmc.python.pluginsource" library="default.py">
    <provides>video</provides>
 </extension>
 <extension point="xbmc.addon.metadata">
    <summary lang="en">Best of The Voice</summary>
    <description lang="en">Melhores seletania dos The Voices do mundo</description>
    <platform>all</platform>
    <forum></forum>
    <website></website>
    <assets>
    <icon>icon.jpg</icon>
    </assets>
 </extension>
</addon>
