<?xml version="1.0" encoding="UTF-8" standalone="yes"?>
<addon id="plugin.video.canaldaharu" name="Canal da Haru" version="1.0.0" provider-name="HouseGeek">
  <requires>
    <import addon="xbmc.python" version="3.0.0"/>
    <import addon="plugin.video.youtube" version="5.0.0"/>
  </requires>
	
  <extension point="xbmc.python.pluginsource" library="default.py">
    <provides>video</provides>
  </extension>
	
  <extension point="xbmc.addon.metadata">
    <summary lang="en">Canal da Haru</summary>
    <description lang="en">Addon do Canal da Haru</description>
    <platform>all</platform>
    <forum></forum>
	<assets>
    <icon>icon.png</icon>
	<fanart>fanart.jpg</fanart>
    </assets>
    <website></website>
  </extension>
</addon>
