<?xml version="1.0" encoding="UTF-8" standalone="yes"?>
<addon id="plugin.videoTvACritica" name="TV A Critica" version="1.0" provider-name="Kodish Team">
  <requires> 
	<import addon="xbmc.python" version="3.0.0"/>
    <import addon="script.module.addon.common"/>
    <import addon="plugin.video.youtube"/>
  </requires>
	
  <extension point="xbmc.python.pluginsource" library="default.py">
    <provides>video</provides>
  </extension>
	
  <extension point="xbmc.addon.metadata">
  <news>
	TV A Critica 
   </news>
    <summary lang="en">TV A Critica</summary>
    <description lang="en">TV A Critica</description>
    <platform>all</platform>
    <forum></forum>
    <website></website>
  </extension>
</addon>
