<?xml version="1.0" encoding="UTF-8" standalone="yes"?>
<addon id="plugin.video.CineAntiqua" name="Cine Antiqua - filmes clássicos" version="2.0.0" provider-name="Kodish Team">
  <requires>
    <import addon="xbmc.python2" version="3.0.0"/>
    <import addon="plugin.video.youtube" version="5.0.0"/>
  </requires>
	
  <extension point="xbmc.python.pluginsource" library="default.py">
    <provides>video</provides>
  </extension>
	
  <extension point="xbmc.addon.metadata">
    <summary lang="en">Cine Antiqua - filmes classicos</summary>
    <description lang="en">Canal Antiqua e um canal de Filmes Classicos</description>
    <platform>all</platform>
	<icon>icon.png</icon>
    <forum></forum>
    <website></website>
  </extension>
</addon>
