<?xml version="1.0" encoding="UTF-8" standalone="yes"?>
<addon id="plugin.video.milkatv" name="Milka Tv" version="2.0" provider-name="Kodish Team">
  <requires>
    <import addon="xbmc.python" version="3.0.0"/>
    <import addon="script.module.requests" version="2.22.0"/>
  </requires>
  <extension point="xbmc.python.pluginsource" library="default.py">
    <provides>video</provides>
  </extension>
  <extension point="xbmc.addon.metadata">
    <summary lang="en_GB">Milka Tv</summary>
    <description lang="en_GB">Manage your various playlists in a simple way.[CR][CR]Note:[CR]This addon does not contain any illegal content. Should you add any illegal content, you are fully responsible for any consequences.</description>
    <language>en</language>
    <platform>all</platform>
      <assets>
        <icon>icon.png</icon>
	<fanart>fanart.jpg</fanart>
    </assets>
  </extension>
</addon>
