<?xml version="1.0" encoding="UTF-8" standalone="yes"?>
<addon id="plugin.video.hidratuxedo.Matrix" name="Hidra Tuxedo" version="KDS1.0.MTX" provider-name="Kodish Team"> 
<requires>
    <import addon="xbmc.python" version="3.0.0"/>
    <import addon="script.module.requests"/>
    <import addon="script.module.simplejson"/>
	<import addon="script.module.kodi-six" />
</requires>  
<extension point="xbmc.python.pluginsource" library="main.py">
	<provides>video</provides>
</extension>  
<extension point="xbmc.addon.metadata">
	<summary lang="pt">Hidra Tuxedo</summary>
	<description lang="pt">Este Addon e para fins entretenimento ponto a ponto sem fins lucrativos<description>
    <platform>all</platform>
	<assets>
       <icon>icon.png</icon>
       <fanart>fanart.jpg</fanart>
    </assets>
</extension>
</addon>