<?xml version="2.0" encoding="UTF-8"?>
<addon id="plugin.video.Dwight_Farrokh_Lista" name="[COLORred] Dwight_[COLORgold]Farrokh_Lista[/COLOR]" version="2.0" provider-name="[COLORred] Dwight_[COLORgold]Farrokh_Lista[/COLOR]">
    <requires>
        <import addon="script.module.requests"/>
    </requires>
    <extension point="xbmc.python.pluginsource" library="main.py">
        <provides>video</provides>
    </extension>
    <extension point="xbmc.addon.metadata">
         <summary>Canais de Televisão, desportos e mais...</summary>
		<description lang="en">[COLOR red]Dwight_[/COLOR] [COLORorange]Farrokh_Lista[/COLOR] [COLORorange]é um addon homenagem Dwight_Farrokh_Lista .TODOS OS LINKS ESTÃO DISPONIVEIS NA INTERNET![/COLOR]</description>
		<platform>all</platform>
		<assets>
       <icon>icon.png</icon>
       <fanart>fanart.jpg</fanart>
       <screenshot>resources/screenshots/1.jpg</screenshot>
       <screenshot>resources/screenshots/2.jpg</screenshot>
       <screenshot>resources/screenshots/3.jpg</screenshot>
    </assets>
</extension>
</addon>