<?xml version="1.0" encoding="UTF-8" standalone="yes"?>
<addon id="plugin.video.Krypton.tv" version="3.0.0" name="[B][COLOR lime]Krypton TV[/COLOR][/B]" provider-name="[B]Krypton.tv[/B]">
<requires>
		<import addon="script.module.six" />
		<import addon="script.module.kodi-six" />
		<import addon="script.module.requests" optional="true"/>
		<import addon="script.module.websocket" version="0.50.0"  optional="true"/>
		<import addon="script.module.youtube.dl" optional="true"/>
		<import addon="plugin.video.youtube" optional="true" />
		<import addon="script.module.dateutil" optional="true" />
		<import addon="script.module.resolveurl" optional="true"/>
                <import addon="script.module.urlresolver" optional="true"/>
		<import addon="script.module.cloudscraper" optional="true"/>
		<import addon="script.module.inputstreamhelper" optional="true"/>
		<import addon="script.module.slproxy" optional="true"/>
	</requires>
  <extension point="xbmc.python.pluginsource" library="default.py">
    <provides>video</provides>
  </extension>
  <extension point="xbmc.addon.metadata">
    <summary lang="en">[B][COLOR lime]ADDON [COLOR lime]Krypton[/COLOR][COLOR orange]TV [/COLOR]</summary>
    <description lang="en">[B][COLOR lime]ADDON oficial [B][COLOR lime]Krypton[/COLOR][COLOR orange]TV [/COLOR][/B] - Proibido reprodução total ou parcial sem prévia autorização[/COLOR][/B]
[B][COLOR lime]Addon [B][COLOR lime]Krypton[/COLOR][COLOR orange]TV [/COLOR][/B] é de uso gratuito!![/B][/COLOR]</description>
    <news>

</news>
    <platform>all</platform>
	<assets>
	<icon>icon.png</icon>
    <fanart>fanart.jpg</fanart>
    <screenshot>resources/media/1.jpg</screenshot>
    <screenshot>resources/media/2.jpg</screenshot>
    <screenshot>resources/media/3.jpg</screenshot>
</assets>
  </extension>
</addon>
