<?xml version="1.0" encoding="UTF-8" standalone="yes"?>
<addon id="plugin.video.JustForLaughss" name="Just For Laughs" version="KDS1.0" provider-name="Kodish Team">
  <requires>
    <import addon="xbmc.python2" version="3.0.0"/>
    <import addon="plugin.video.youtube" version="5.0.0"/>
  </requires>
 <extension point="xbmc.python.pluginsource" library="default.py">
    <provides>video</provides>
 </extension>
 <extension point="xbmc.addon.metadata">
    <summary lang="en">Just For Laughs</summary>
    <description lang="en">Just For Laughs é maior canal de Humor do Youtube mundial</description>
    <platform>all</platform>
    <forum></forum>
    <website></website>
    <assets>
    <icon>icon.jpg</icon>
	<fanart>fanart.jpg</fanart>
    </assets>
 </extension>
</addon>
