<?xml version="1.0" encoding="UTF-8" standalone="yes"?>
<addon id="plugin.video.popmusic" name="Pop Music" version="KDS1.0" provider-name="Kodish Team">
  <requires>
    <import addon="plugin.video.youtube" version="5.0.0"/>
  </requires>
 <extension point="xbmc.python.pluginsource" library="default.py">
    <provides>video</provides>
 </extension>
 <extension point="xbmc.addon.metadata">
    <summary lang="en">Pop Music</summary>
    <description lang="en">Welcome to our Pop Music Channel! Immerse yourself in the world of vibrant and catchy pop melodies. Here, we bring you the latest hits and timeless classics that have captivated generations.Explore the diversity and richness of pop music, from top artists to emerging talents. We carefully select each song to ensure that every video provides the best musical experience. Don't forget to share our videos and channel with your friends and family so they can also enjoy these wonderful songs. We extend our heartfelt thanks to all of you who have supported and followed our channel. Your support is a great motivation for us to continue delivering high-quality videos. Thank you for being part of our pop music-loving community!</description>
    <platform>all</platform>
    <forum></forum>
    <website></website>
    <assets>
    <icon>icon.jpg</icon>
    </assets>
 </extension>
</addon>
