<?xml version="1.0" encoding="UTF-8" standalone="yes"?>
<addon id="plugin.video.rsamusictv" name="RSA Music TV" version="2.0.0" provider-name="Kodish Team">
  <requires>
    <import addon="xbmc.python" version="3.0.0"/>
    <import addon="plugin.video.youtube" version="5.0.0"/>
  </requires>
	
  <extension point="xbmc.python.pluginsource" library="default.py">
    <provides>video</provides>
  </extension>
	
  <extension point="xbmc.addon.metadata">
    <summary lang="en">RSA Music TV</summary>
    <description lang="en">Addon do Canal RSA Music TV otimizado para Box TV</description>
    <platform>all</platform>
    <forum></forum>
    <website></website>
  </extension>
</addon>
