<?xml version="1.0" encoding="UTF-8" standalone="yes"?>
<addon id="plugin.video.fdj.hd.p3" name="[COLOR white][B]FDJ[COLOR lime].[COLOR white]HD[/B][/COLOR]" version="3.0" provider-name="frenchdj">
	<requires>
		<import addon="script.module.six" />
		<import addon="script.module.kodi-six" />
		<import addon="script.module.requests" optional="true"/>
		<import addon="script.module.websocket" version="0.50.0"  optional="true"/>
		<import addon="script.module.youtube.dl" optional="true"/>
		<import addon="plugin.video.youtube" optional="true" />
		<import addon="script.module.dateutil" optional="true" />
		<import addon="script.module.resolveurl" optional="true"/>
		<import addon="script.module.urlresolver" optional="true"/>
		<import addon="script.module.cloudscraper" optional="true"/>
		<import addon="script.module.inputstreamhelper" optional="true"/>
		<import addon="script.module.slproxy" optional="true"/>
	</requires>
	<extension point="xbmc.python.pluginsource" library="default.py">
		<provides>video</provides>
	</extension>

	<extension point="xbmc.addon.metadata">
		<summary lang="en">[ Python 3 Edition ]</summary>
		<description>FDJ.HD is a AIO (All In One) with Concerts, Djs sets, Docs, and more ... 
Home of Alive.HD, Beats.HD and Documented.HD.
Channels and Playlists organized by categories. Source: Youtube Website. 
[B][COLOR lime]Advised the latest version of youtube 6.*.*[/B][/COLOR]</description>
		<platform>all</platform>
		<assets>
			<icon>icon.png</icon>
			<fanart>fanart.gif</fanart>
		</assets>
	</extension>
</addon>
