<?xml version="1.0" encoding="UTF-8" standalone="yes"?>
<addon id="plugin.video.vagalumefm" name="Vagalume FM" version="Kratos2.0" provider-name="Kratos Team">
<requires>
  <import addon="script.module.routing" version="0.2.3"/>
  <import addon="xbmc.python" version="3.0.0"/>
</requires>
<extension point="xbmc.python.pluginsource" library="resources/lib/addon_entry.py">
  <provides>video</provides>
</extension>
<extension point="xbmc.addon.metadata">
  <summary lang="en_GB">Vagalume FM</summary>
  <description lang="en_GB">[B]Vagalume FM melhores hits[/B]</description>
  <disclaimer lang="en_GB"></disclaimer>
  <language>en</language>
  <platform>all</platform>
  <license>GPL-3.0-only</license>
  <website></website>
  <source></source>
  <forum></forum>
  <news>
  </news>
  <assets>
    <icon>resources/media/icon.png</icon>
    <fanart>resources/media/fanart.png</fanart>
  </assets>
  <reuselanguageinvoker>true</reuselanguageinvoker>
</extension>
</addon>
