<?xml version="1.0" encoding="UTF-8" standalone="yes"?>
<addon id="plugin.video.TvCarioca" name="TvCarioca" version="KDS1.1" provider-name="Hollywoodeverson">
  <requires>
    <import addon="xbmc.python2" version="3.0.0"/>
    <import addon="plugin.video.youtube" version="5.0.0"/>
  </requires>
 <extension point="xbmc.python.pluginsource" library="default.py">
    <provides>video</provides>
 </extension>
 <extension point="xbmc.addon.metadata">
    <summary lang="en">TvCarioca</summary>
    <description lang="en">Addon do Canal Tv Carioca</description>
    <platform>all</platform>
    <forum></forum>
    <website></website>
    <assets>
    <icon>icon.jpg</icon>
    </assets>
 </extension>
</addon>
