<?xml version="1.0" encoding="UTF-8" standalone="yes"?>
<addon id="plugin.video.DocHistory" name="Doc History" version="KDS2.0" provider-name="Kodish team ">
  <requires>
    <import addon="xbmc.python2" version="3.0.0"/>
    <import addon="plugin.video.youtube" version="5.0.0"/>
  </requires>
 <extension point="xbmc.python.pluginsource" library="default.py">
    <provides>video</provides>
 </extension>
 <extension point="xbmc.addon.metadata">
    <summary lang="en">Doc History</summary>
    <description lang="en">Colecao de documentarios de historia do Brasil</description>
    <platform>all</platform>
    <forum></forum>
    <website></website>
    <assets>
    <icon>icon.png</icon>
	<icon>fanart.jpg</icon>
    </assets>
 </extension>
</addon>
