<?xml version="1.0" encoding="UTF-8" standalone="yes"?>
<addon id="plugin.video.casteloratimbum" version="1.0.0" name="Castelo Rá-Tim-Bum!" provider-name="Kodish-MC">
  <requires>
    <import addon="xbmc.python" version="3.0.0"/>
    <import addon="plugin.video.youtube" version="5.0.0"/>
  </requires>
	
  <extension point="xbmc.python.pluginsource" library="default.py">
    <provides>video</provides>
  </extension>
	
  <extension point="xbmc.addon.metadata">
    <summary lang="en">Castelo Rá-Tim-Bum!</summary>
    <description lang="en">Esse addon contem todos episodios Castelo Rá-Tim-Bum!</description>
    <platform>all</platform>
    <forum></forum>
    <website></website>
  </extension>
</addon>
