<?xml version="1.0" encoding="UTF-8" standalone="yes"?>
<addon id="plugin.video.ROCK4U" name="[COLOR lime][B]ROCK[/B][/COLOR][COLOR lawngreen][B]4U[/B][/COLOR]" version="KDS2.1" provider-name="Sami Mod By Garfield Dj"> 
<requires>
    <import addon="xbmc.python" version="3.0.0"/>
    <import addon="script.module.requests"/>
	<import addon="inputstream.adaptive"/>
    <import addon="script.module.simplejson"/>
	<import addon="script.module.kodi-six" />
</requires>  
<extension point="xbmc.python.pluginsource" library="mixtx.py">
	<provides>video</provides>
</extension>  
<extension point="xbmc.addon.metadata">
    <summary lang="en">Add-on exclusivo para shows de Metal e Rock agora tambem no Kodi Matrix 19</summary>
    <description></description>
    <platform>all</platform>
	<assets>
       <icon>icon.png</icon>
       <fanart>fanart.jpg</fanart>
       <screenshot>resources/screenshots/01.jpg</screenshot>
       <screenshot>resources/screenshots/02.jpg</screenshot>
       <screenshot>resources/screenshots/03.jpg</screenshot>
    </assets>
	<news>
	</news>
</extension>
</addon>