<?xml version="1.0" encoding="UTF-8" standalone="yes"?>
<addon id="plugin.video.somlivre" name="Som Livre" version="kds2.0" provider-name="Kodish Team ">
  <requires>
    <import addon="xbmc.python2" version="3.0.0"/>
    <import addon="plugin.video.youtube" version="5.0.0"/>
  </requires>
 <extension point="xbmc.python.pluginsource" library="default.py">
    <provides>video</provides>
 </extension>
 <extension point="xbmc.addon.metadata">
    <summary lang="en">Som Livre</summary>
    <description lang="en">Ouca os melhores sucessos no seu kodi atravez do addon </description>
    <platform>all</platform>
    <forum></forum>
    <website></website>
    <assets>
    <icon>icon.jpg</icon>
    </assets>
 </extension>
</addon>
