<?xml version="1.0" encoding="UTF-8" standalone="yes"?>
<addon id="plugin.video.backgrounds" name="Backgrouds para Kodiflix" version="1.0" provider-name="Kodish Team">
    <requires>
    </requires>
    <extension point="xbmc.python.pluginsource" library="default.py">
        <provides>audio video</provides>
    </extension>
    <extension point="xbmc.addon.metadata">
        <summary lang="pt_br">Backgrouds para Kodiflix</summary>
        <description lang="pt_br">Pacote de Imagen para Kodiflix</description>
        <disclaimer lang="pt_br">Pacote de Imagen para Kodiflix</disclaimer>
        <website></website>
        <platform>all</platform>
        <assets>
            <icon>icon.png</icon>
            <fanart>fanart.jpg</fanart>
            <screenshot>resources/media/screenshot.jpg</screenshot>
        </assets>
    </extension>
</addon>
