<?xml version="1.0" encoding="UTF-8" standalone="yes"?>
<!--
Please use English language names instead.
Default font lacks support for all characters
-->
<keyboardlayouts>
  <layout language="Special" layout="QWERTY">
    <keyboard>
      <row>1234567890[]</row>
      <row>áéíóúãõàâç{}</row>
      <row>@%/|\$()®™"'</row>
      <row>.,;ªº_-ê$&*!</row>
    </keyboard>
    <keyboard modifiers="shift">
      <row>1234567890[]</row>
      <row>ÁÉÍÓÚÃÕÀÂÇ{}</row>
      <row>@%/|\$()®™"'</row>
      <row>.,;ªº_-Ê$&*!</row>
    </keyboard>
    <keyboard modifiers="symbol,shift+symbol">
      <row>)!@#$%^&amp;*(</row>
      <row>[]{}-_=+;:</row>
      <row>'",.&lt;&gt;/?\|</row>
      <row>`~ÁÉÍÓÚ</row>
    </keyboard>
  </layout>  
</keyboardlayouts>