<?xml version="1.0" encoding="UTF-8" standalone="yes"?>
<addon id="plugin.executable.player" name="Patch MPV" version="1.0.0" provider-name="Kodish Features"> 
<requires>
	<import addon="xbmc.python" version="3.0.0"/>
</requires>
<extension point="xbmc.python.pluginsource" library="default.py">
	<provides>audio</provides>
</extension>
<extension point="xbmc.addon.metadata">
    <summary lang="pt_br">Patch MPV</summary>
    <description lang="pt_br">Patch MPV substitui player official pelo MPV</description>
    <disclaimer lang="pt_br"></disclaimer>
	<website></website>
    <platform>all</platform>
	<assets>
		<icon>icon.png</icon>
		<fanart>fanart.jpg</fanart>
		<screenshot></screenshot>
    </assets>
	<news>
	</news>
</extension>
</addon>