<?xml version="1.0" encoding="UTF-8" standalone="yes"?>
<addon id="plugin.music.bluesejazz" name="Jazz & Blues Channels" version="KDS1.0" provider-name="Kodish Team">
  <requires>
    <import addon="xbmc.python2" version="3.0.0"/>
    <import addon="plugin.video.youtube" version="5.0.0"/>
  </requires>
 <extension point="xbmc.python.pluginsource" library="default.py">
    <provides>video</provides>
 </extension>
 <extension point="xbmc.addon.metadata">
    <summary lang="en">Jazz & Blues Channels</summary>
    <description lang="en">Addon que tem colecao canais de Blues e Jazz</description>
    <platform>all</platform>
    <forum></forum>
    <website></website>
    <assets>
    <icon>icon.jpg</icon>
    </assets>
 </extension>
</addon>
