<?xml version="1.0" encoding="UTF-8" standalone="yes"?>
<addon id="plugin.video.DiariodeMotochileiroAfredoSouza" name="[B][COLOR gold]Di�rio de Motochileiro por Alfredo Souza[/COLOR][/B]" version="KDS2.0" provider-name="Kodish Team">
  <requires>
    <import addon="xbmc.python2" version="3.0.0"/>
    <import addon="plugin.video.youtube" version="5.0.0"/>
  </requires>
 <extension point="xbmc.python.pluginsource" library="default.py">
    <provides>video</provides>
 </extension>
 <extension point="xbmc.addon.metadata">
    <summary lang="en">[B][COLOR gold]Diario de Motochileiro por Alfredo Souza[/COLOR][/B]</summary>
    <description lang="en">Addon com Todos Videos do Canal Diario de Motochileiro por Alfredo Souza</description>
    <platform>all</platform>
    <forum></forum>
    <website></website>
    <assets>
    <icon>icon.png</icon>
	<fanart>fanart.jpg</fanart>
    </assets>
 </extension>
</addon>
