<?xml version="1.0" encoding="UTF-8" standalone="yes"?>
<addon id="plugin.music.elvis" version="1.0.0" name="Elvis Presley Golden Disk" provider-name="HOUSEGEEK">
  <requires>
    <import addon="plugin.video.youtube" version="5.0.0"/>
  </requires>
	
  <extension point="xbmc.python.pluginsource" library="default.py">
    <provides>video</provides>
  </extension>
	
  <extension point="xbmc.addon.metadata">
    <summary lang="en">Elvis Presley Golden Disk</summary>
    <description lang="en">Elvis Presley Golden Disk </description>
    <platform>all</platform>
    <forum></forum>
    <website></website>
	<assets>
    <icon>icon.png</icon>
	<icon>fanart.jpg</icon>
    </assets>
  </extension>
</addon>
