<?xml version="1.0" encoding="UTF-8" standalone="yes"?>
<addon id="plugin.music.elvis" name="Elvis Golden Disk" version="kds3.0" provider-name="Kodish Team">
  <requires>
    <import addon="xbmc.python2" version="3.0.0"/>
    <import addon="plugin.video.youtube" version="5.0.0"/>
  </requires>
 <extension point="xbmc.python.pluginsource" library="default.py">
    <provides>video</provides>
 </extension>
 <extension point="xbmc.addon.metadata">
    <summary lang="en">Elvis Golden Disk</summary>
    <description lang="en">Box de ouro do Elvis agora para seu kodi </description>
    <platform>all</platform>
    <forum></forum>
    <website></website>
    <assets>
    <icon>icon.png</icon>
	<fanart>fanart.jpg</fanart>
    </assets>
 </extension>
</addon>
