<?xml version="1.0" encoding="UTF-8"?>
<addon
  id="vfs.libarchive"
  version="21.0.2"
  name="Archive support"
  provider-name="spiff">
  <requires>
<import addon="kodi.binary.global.main" minversion="2.0.0" version="2.0.2"/>
<import addon="kodi.binary.global.general" minversion="1.0.4" version="1.0.5"/>
<import addon="kodi.binary.global.filesystem" minversion="1.1.7" version="1.1.8"/>
<import addon="kodi.binary.instance.vfs" minversion="3.0.1" version="3.0.1"/></requires>
  <!-- Note: .rar is partially supported by this addon, but since the other
             addon vfs.rar also supports it, support is removed here. -->
  <extension
    point="kodi.vfs"
    protocols="archive"
    extensions=".7z|.tar.gz|.tar.bz2|.tar.xz|.zip|.tgz|.tbz2|.gz|.bz2|.xz|.tar"
    files="true"
    directories="true"
    filedirectories="true"
    encodedhostname="true"
    library_linux="vfs.libarchive.so.21.0.2" />
  <extension point="xbmc.addon.metadata">
    <platform></platform>
    <license>GPL-2.0-or-later</license>
    <source>https://github.com/xbmc/vfs.libarchive</source>
    <assets>
      <icon>resources/icon.png</icon>
    </assets>
    <summary lang="ca_ES">Complement d&apos;arxiu i compressió multi-format</summary>
    <summary lang="da_DK">Multiformat arkiverings- og komprimerings-add-on</summary>
    <summary lang="de_DE">Addon zur Verarbeitung mehrerer Archivformate</summary>
    <summary lang="en_GB">Multi-format archive and compression addon</summary>
    <summary lang="es_ES">Complemento de compresión y archivos multiformato</summary>
    <summary lang="es_MX">Complemento de compresión y archivado en múltiples formatos</summary>
    <summary lang="et_EE">Lisamoodul mitme arhiveerimis- ja tihendusvormingu jaoks</summary>
    <summary lang="fi_FI">Lisäosa useiden arkistointi- ja pakkausmuotojen lukuun</summary>
    <summary lang="fr_FR">Addon d&apos;archivage et de compression multi-formats</summary>
    <summary lang="hr_HR">Arhiva više formata i dodatak sažimanja</summary>
    <summary lang="id_ID">Pengaya arsip multi-format dan kompresi</summary>
    <summary lang="it_IT">Archivio multiformato e Add-on di compressione</summary>
    <summary lang="ko_KR">다중 형식 아카이브 및 압축 애드온</summary>
    <summary lang="lv_LV">Vairāku formātu arhīva un saspiešanas papildinājums</summary>
    <summary lang="nb_NO">Multiformat arkiverings- og komprimeringsutvidelse</summary>
    <summary lang="pl_PL">Dodatek wieloformatowych archiwów i kompresji</summary>
    <summary lang="pt_BR">Add-on para arquivos multiformato e compressão</summary>
    <summary lang="ru_RU">Дополнение для архивирования и сжатия в нескольких форматах</summary>
    <summary lang="zh_CN">多格式文档和压缩插件</summary>
    <description lang="ca_ES">Aquest complement utilitza la llibreria libarchive per llegir diversos formats d&apos;arxiu i compressió.[CR][CR]Els formats compatibles són:[CR]7z, bz2, gz, tar, tar.bz2, tar.gz, tar.xz, tgz, tbz2, xz, zip</description>
    <description lang="da_DK">Dette add-on anvender libarchive-biblioteket til at læse en række arkiv- og komprimeringsformater.[CR][CR]Understøttede formater er:[CR]7z, bz2, gz, tar, tar.bz2, tar.gz, tar.xz , tgz, tbz2, xz, zip</description>
    <description lang="de_DE">Dieses Addon verwendet die Bibliothek libarchive, um verschiedene Archiv- und Komprimierungsformate zu verarbeiten.[CR][CR]Unterstützte Formate sind:[CR]7z, bz2, gz, tar, tar.bz2, tar.gz, tar.xz, tgz, tbz2, xz, zip</description>
    <description lang="en_GB">This add-on uses the libarchive library to read a variety of archive and compression formats.[CR][CR]Supported formats are:[CR]7z, bz2, gz, tar, tar.bz2, tar.gz, tar.xz, tgz, tbz2, xz, zip</description>
    <description lang="es_ES">Este complemento usa la librería &apos;libarchive&apos; para leer una variedad de formatos de archivo y compresión.[CR][CR]Los formatos soportados son:[CR]7z, bz2, gz, tar, tar.bz2, tar.gz, tar.xz, tgz, tbz2, xz, zip</description>
    <description lang="es_MX">Este complemento utiliza libarchive para leer una variedad de formatos de archivado y compresión. [CR][CR]Los formatos soportados son:[CR]7z, bz2, gz, tar, tar.bz2, tar.gz, tar.xz, tgz, tbz2, xz, zip</description>
    <description lang="et_EE">See lisamoodul kasutab erinevate arhiivi- ja tihendusvormingute lugemiseks libarchive teeki.[CR][CR]Toetatud vormingud on: [CR]7z, bz2, gz, tar, tar.bz2, tar.gz, tar.xz , tgz, tbz2, xz, zip</description>
    <description lang="fi_FI">Lisäosa käyttää libarchive-kirjastoa useiden arkoistointi- ja pakkausmuotojen lukuun.[CR][CR]Tuetut muodot ovat: [CR]7z, bz2, gz, tar, tar.bz2, tar.gz, tar.xz , tgz, tbz2, xz, zip</description>
    <description lang="fr_FR">Ce module complémentaire utilise la bibliothèque libarchive pour lire une variété de formats d&apos;archives et de compression.[CR][CR]Les formats pris en charge sont :[CR]7z, bz2, gz, tar, tar.bz2, tar.gz, tar.xz , tgz, tbz2, xz, zip</description>
    <description lang="hr_HR">Ovaj dodatak koristi libarchive biblioteku za čitanje raznih arhiva i sažetih formata.[CR][CR]Podržani formati su:[CR]7z, bz2, gz, tar, tar.bz2, tar.gz, tar.xz, tgz, tbz2, xz, zip</description>
    <description lang="id_ID">Pengaya ini menggunakan pustaka libarchive untuk membaca berbagai format arsip dan kompresi.[CR][CR]Format yang didukung:[CR]7z, bz2, gz, tar, tar.bz2, tar.gz, tar.xz, tgz, tbz2, xz, zip</description>
    <description lang="it_IT">Questo Add-on usa la libreria libarchive per leggere una varietà di formati di compressione e archivio.[CR][CR]I formati supportati sono:[CR]7z, bz2, gz, tar, tar.bz2, tar.gz, tar.xz , tgz, tbz2, xz, zip</description>
    <description lang="ko_KR">이 추가 기능은 libarchive 라이브러리를 사용하여 다양한 아카이브 및 압축 형식을 읽습니다.[CR][CR]지원되는 형식은 다음과 같습니다.[CR]7z, bz2, gz, tar, tar.bz2, tar.gz, tar.xz , tgz, tbz2, xz, zip</description>
    <description lang="lv_LV">Šis papildinājums izmanto libarchive bibliotēku, lai varētu lasīt un veikt dažādu arhīva formātu saspiešanu.[CR][CR]Atbalstītie formāti:[CR]7z, bz2, gz, tar, tar.bz2, tar.gz, tar.xz, tgz, tbz2, xz, zip</description>
    <description lang="nb_NO">Denne utvidelsen benytter libarchive-biblioteket til å lese en rekke arkiv- og komprimeringsformater.[CR][CR]Støttede formater er:[CR]7z, bz2, tar, tar.bz2, tar.gz, tar.xz, tgz, tbz2, xz, zip</description>
    <description lang="pl_PL">Dodatek ten używa biblioteki libarchive do odczytu różnych formatów archiwów i kompresji.[CR][CR]Obsługiwane formaty to:[CR]7z, bz2, gz, tar, tar.bz2, tar.gz, tar.xz, tgz, tbz2, xz, zip</description>
    <description lang="pt_BR">Este add-on usa a biblioteca libarchive para ler uma variedade de arquivos e formatos de compressão.[CR][CR]Os formatos suportados são:[CR]7z, bz2, gz, tar, tar.bz2, tar.gz, tar.xz, tgz, tbz2, xz, zip</description>
    <description lang="ru_RU">Это дополнение использует библиотеку libarchive для чтения различных форматов архивов и сжатия.[CR][CR]Поддерживаемые форматы:[CR]7z, bz2, gz, tar, tar.bz2, tar.gz, tar.xz, tgz, tbz2, xz, zip</description>
    <description lang="zh_CN">此插件使用 libarchive 库读取各种文档和压缩格式。[CR][CR]支持的格式有：[CR]7z、bz2、gz、tar、tar.bz2、tar.gz、tar.xz、tgz、tbz2、xz、zip</description>
  </extension>
</addon>
