<?xml version="1.0" encoding="UTF-8" standalone="yes"?>
<addon id="plugin.music.petterewendy" name="Petter & Wendy" version="kds1.0" provider-name="Kodish">
  <requires>
    <import addon="xbmc.python2" version="3.0.0"/>
    <import addon="plugin.video.youtube" version="5.0.0"/>
  </requires>
 <extension point="xbmc.python.pluginsource" library="default.py">
    <provides>video</provides>
 </extension>
 <extension point="xbmc.addon.metadata">
    <summary lang="en">Petter & Wendy</summary>
    <description lang="en">Nesse addon permite ouvir todas musicas do site petter e wendy</description>
    <platform>all</platform>
    <forum></forum>
    <website></website>
    <assets>
    <icon>icon.jpg</icon>
    </assets>
 </extension>
</addon>
