<?xml version="1.0" encoding="UTF-8" standalone="yes"?>
<addon id="plugin.video.tokuflix" name="[B][COLOR white]Tokuflix[/COLOR][/B]" version="KDS3.0" provider-name="Kodish Team"> 
<requires>
    <import addon="xbmc.python" version="3.0.0"/>
    <import addon="script.module.requests"/>
    <import addon="script.module.simplejson"/>
	<import addon="script.module.kodi-six" />
</requires>  
<extension point="xbmc.python.pluginsource" library="default.py">
	<provides>video</provides>
</extension>   
<extension point="xbmc.addon.metadata">
	<summary lang="en">[B][COLOR white]Tokuflix[/COLOR][/B]</summary>
	<summary lang="pt">[B][COLOR white]O Melhor Site Tokusatsu agora no seu Kodi[/COLOR][/B]</summary>
	<description lang="en">Animes, Tokusatsus e Muito Maiiis...</description>
	<description lang="pt">Animes, Tokusatsus e Muito Maiiis...</description>
    <disclaimer lang="en">The author is in no way affiliated with Kodi, Team Kodi or the XBMC Foundation. This is a non-profit resource.</disclaimer>
	<disclaimer lang="pt">O autor não é de forma alguma afiliado ao Kodi, Team Kodi ou a XBMC Foundation. Este é um recurso sem fins lucrativos.</disclaimer>
    <platform>all</platform>
	<assets>
       <icon>icon.png</icon>
       <fanart>fanart.jpg</fanart>
    </assets>
	<news>
	</news>
</extension>
</addon>