<?xml version="1.0" encoding="UTF-8" standalone="yes"?>
<addon id="plugin.video.ricosaddon" name="[B]Canal Ricos[/B]" version="KDS2.0" provider-name="Kodish Team">
  <requires>
    <import addon="xbmc.python2" version="3.0.0"/>
  </requires>
  <extension point="xbmc.python.pluginsource" library="default.py">
        <provides>video</provides>
  </extension>
  <extension point="xbmc.addon.metadata">
    <summary lang="en"></summary>
    <description lang="en">[B]Canal Ricos [/B] </description>
    <platform>all</platform>
	<assets>
    <icon>icon.png</icon>
    </assets>
  </extension>
</addon>
