<?xml version="1.0" encoding="UTF-8" standalone="yes"?>
<addon id="plugin.video.ls" name="Lindsey Stirling" version="KDStore" provider-name="Kodish Team">
  <requires>
    <import addon="plugin.video.youtube" version="5.0.0"/>
  </requires>
 <extension point="xbmc.python.pluginsource" library="default.py">
    <provides>video</provides>
 </extension>
 <extension point="xbmc.addon.metadata">
    <summary lang="en">Lindsey Stirling</summary>
    <description lang="en">I love to play the violin, dance, write music, edit videos, play dress up, and perform. So, I combined it all together and this is what happened. :)Subscribe to my channel and be updated when I release new music!</description>
    <platform>all</platform>
    <forum></forum>
    <website></website>
    <assets>
    <icon>icon.jpg</icon>
    </assets>
 </extension>
</addon>
