<?xml version="1.0" encoding="UTF-8"?>
<window id="1112">
	<defaultcontrol always="true">9000</defaultcontrol>
	<backgroundcolor>background</backgroundcolor>
	<controls>
		
		<control type="multiimage">
			<depth>DepthBackground</depth>
			<include>FullScreenDimensions</include>
			<aspectratio>scale</aspectratio>
			<fadetime>600</fadetime>
			<animation effect="zoom" center="auto" end="102,102" time="0" condition="Integer.IsGreater(System.StereoscopicMode,0)">conditional</animation>
			<animation effect="fade" start="0" end="100" time="400">WindowOpen</animation>
			<animation effect="fade" start="100" end="0" time="300">WindowClose</animation>
			<animation effect="fade" time="400">VisibleChange</animation>
			<imagepath background="true" colordiffuse="bg_overlay">https://wallpapercave.com/wp/wp9118760.jpg</imagepath>
			<visible>!Player.HasMedia</visible>
		</control>
		<control type="group">
			<animation effect="fade" start="100" end="0" time="200" tween="sine" condition="$EXP[infodialog_active]">Conditional</animation>
			<control type="group" id="400">
				<include>OpenClose_Right</include>
				
				<include content="AddonLauncherPanel2">
					<param name="group_id" value="501" />
					<param name="id" value="Populares" />
					<param name="container_path" value="https://archive.org/download/GAMES.ROM/Super%20Nintendo/" />
					<param name="container_target" value="games" />
					<param name="imagewidget_onclick" value="ActivateWindow(addonbrowser,addons://all/xbmc.addon.audio,return)" />
				</include>
				<include content="AddonLauncherPanel2">
					<param name="group_id" value="502" />
					<param name="id" value="Gameboy" />
					<param name="container_path" value="https://archive.org/download/GAMES.ROM/Gameboy%20Advance/" />
					<param name="container_target" value="10821" />
					<param name="imagewidget_onclick" value="ActivateWindow(addonbrowser,addons://all/category.standalonegames,return)" />
				</include>
				<include content="AddonLauncherPanel">
					<param name="group_id" value="502" />
					<param name="id" value="addons" />
					<param name="container_path" value="addons://sources/executable/" />
					<param name="container_target" value="programs" />
					<param name="imagewidget_onclick" value="ActivateWindow(addonbrowser,addons://all/xbmc.addon.executable,return)" />
				</include>
				<include content="AddonLauncherPanel" condition="System.Platform.Android">
					<param name="group_id" value="506" />
					<param name="id" value="android" />
					<param name="container_path" value="androidapp://sources/apps/" />
					<param name="container_target" value="programs" />
				</include>
				<include content="AddonLauncherPanel">
					<param name="group_id" value="503" />
					<param name="id" value="pictures" />
					<param name="container_path" value="addons://sources/image/" />
					<param name="container_target" value="pictures" />
					<param name="imagewidget_onclick" value="ActivateWindow(addonbrowser,addons://all/xbmc.addon.image,return)" />
				</include>
				<include content="AddonLauncherPanel">
					<param name="group_id" value="507" />
					<param name="id" value="download" />
					<param name="container_path" value="addons://all/" />
					<param name="container_target" value="addonbrowser" />
				</include>
				<include content="AddonLauncherPanel">
					<param name="group_id" value="508" />
					<param name="id" value="manage" />
					<param name="container_path" value="addons://user" />
					<param name="container_target" value="addonbrowser" />
				</include>
			</control>
			<control type="group">
				<include>OpenClose_Left</include>
				<control type="fixedlist" id="9000">
					<left>0</left>
					<top>200</top>
					<width>600</width>
					<height>1000</height>
					<pagecontrol>120</pagecontrol>
					<movement>6</movement>
					<focusposition>0</focusposition>
					<onup>800</onup>
					<ondown>800</ondown>
					<onright>SetFocus($INFO[Container(9000).ListItem.Property(menu_id)])</onright>
					<scrolltime tween="cubic" easing="out">500</scrolltime>
					<focusedlayout height="100" width="500">
						<control type="image">
							<left>0</left>
							<right>0</right>
							<bottom>1</bottom>
							<texture colordiffuse="button_focus">lists/focus.png</texture>
							<animation effect="fade" start="100" end="0" time="0" condition="!Control.HasFocus(9000)">Conditional</animation>
						</control>
						<control type="image">
							<left>-100</left>
							<top>0</top>
							<width>100</width>
							<bottom>1</bottom>
							<texture colordiffuse="button_focus">$INFO[ListItem.Art(thumb)]</texture>
							<animation effect="fade" start="0" end="100" time="300" reversible="false">Focus</animation>
						</control>
						<control type="image">
							<left>0</left>
							<width>100</width>
							<bottom>1</bottom>
							<texture colordiffuse="">colors/black.png</texture>
							<animation effect="fade" start="100" end="0" time="0" condition="!Control.HasFocus(9000)">Conditional</animation>
						</control>
						<control type="image">
							<left>-3</left>
							<top>0</top>
							<width>100</width>
							<bottom>1</bottom>
							<texture>$INFO[ListItem.Art(thumb)]</texture>
						</control>
						<control type="label">
							<left>104</left>
							<bottom>2</bottom>
							<right>10</right>
							<aligny>center</aligny>
							<font>font14</font>
							<label>$INFO[ListItem.Label]</label>
							<shadowcolor>text_shadow</shadowcolor>
						</control>
					</focusedlayout>
					<itemlayout height="100" width="800">
						<control type="label">
							<left>104</left>
							<bottom>6</bottom>
							<right>10</right>
							<aligny>center</aligny>
							<font>font14</font>
							<label>$INFO[ListItem.Label]</label>
							<shadowcolor>text_shadow</shadowcolor>
						</control>
						<control type="image">
							<left>-3</left>
							<top>0</top>
							<width>100</width>
							<bottom>1</bottom>
							<texture colordiffuse="44FFFFFF">$INFO[ListItem.Art(thumb)]</texture>
						</control>
					</itemlayout>
					<content>
						<item id="1">
							<label>Super Nintendo</label>
							<thumb>https://cdn.shopify.com/s/files/1/1288/8361/files/Mario_Generic_Icon.png?3091527461996319965</thumb>
							<property name="id">Populares</property>
							<property name="menu_id">$NUMBER[501]</property>
						</item>
						<item id="1">
							<label>Gameboy Advance</label>
							<thumb>https://cdn-icons-png.flaticon.com/512/11335/11335850.png</thumb>
							<property name="id">Gameboy</property>
							<property name="menu_id">$NUMBER[502]</property>
						</item>
					</content>
			</control>
			</control>
			<include content="TopBar">
				<param name="breadcrumbs_label" value="Games" />
			</include>
			<include>BottomBar</include>
			<control type="group">
				<left>10000</left>
			</control>
		</control>
	</controls>
</window>
