<?xml version="1.0" encoding="UTF-8"?>
<window type="dialog" id="1107">
	<defaultcontrol always="true">9000</defaultcontrol>
	<include>Animation_DialogPopupOpenClose</include>
	<controls>
		<control type="group">
			<centerleft>50%</centerleft>
			<width>600</width>
			<centertop>60%</centertop>
			<height>700</height>
			<include content="DialogBackgroundCommons">
				<param name="width" value="600" />
				<param name="height" value="80" />
				<param name="header_label" value="[B]PESQUISAR:[/B]" />
				<param name="header_id" value="PESQUISAR:" />
			</include>
			<control type="panel" id="9000">
				<include>ButtonMenuList</include>
				<content>
					<item>
						<label>[B]PESQUISAR: FILMES[/B]</label>
						<onclick>Dialog.Close(all)</onclick>
						<onclick>ActivateWindow(videos,"plugin://boxmax.ddns.net/?mode=NEW_SEARCH&item_type=Movie",return)</onclick>
						<visible>System.AddonIsEnabled(boxmax.ddns.net)</visible>
					</item>
					<item>
						<label>[B]PESQUISAR: SÉRIES[/B]</label>
						<onclick>Dialog.Close(all)</onclick>
						<onclick>ActivateWindow(videos,"plugin://boxmax.ddns.net/?mode=NEW_SEARCH&item_type=Series",return)</onclick>
						<visible>System.AddonIsEnabled(boxmax.ddns.net)</visible>
					</item>
					<item>
						<label>[B]PESQUISAR: VIDEOS[/B]</label>
						<onclick>Dialog.Close(all)</onclick>
						<onclick>ActivateWindow(videos,"plugin://boxmax.ddns.net/?mode=NEW_SEARCH&item_type=Movie",return)</onclick>
						<visible>System.AddonIsEnabled(boxmax.ddns.net)</visible>
					</item>
					<item>
						<label>[B]PESQUISAR: MÚSICAS[/B]</label>
						<onclick>Dialog.Close(all)</onclick>
						<onclick>ActivateWindow(music,"plugin://boxmax.ddns.net/?mode=NEW_SEARCH&item_type=Audio",return)</onclick>
						<visible>System.AddonIsEnabled(boxmax.ddns.net)</visible>
					</item>
					<item>
						<label>[B]PESQUISAR: ARTISTAS[/B]</label>
						<onclick>Dialog.Close(all)</onclick>
						<onclick>ActivateWindow(music,"plugin://boxmax.ddns.net/?mode=NEW_SEARCH&item_type=Movie",return)</onclick>
						<visible>System.AddonIsEnabled(boxmax.ddns.net)</visible>
					</item>
					<item>
						<label>[COLOR aquamarine][B]ONE[/COLOR][COLOR white]PLAY[/B][/COLOR]</label>
						<onclick>Dialog.Close(all)</onclick>
						<onclick condition="System.AddonIsEnabled(plugin.video.OnePlay.Matrix)">ActivateWindow(videos,"plugin://plugin.video.OnePlay.Matrix/pesquisar_filmes/",return)</onclick>
						<onclick condition="System.HasAddon(plugin.video.OnePlay.Matrix) + !System.AddonIsEnabled(plugin.video.OnePlay.Matrix)">EnableAddon(plugin.video.OnePlay.Matrix)</onclick>
						<onclick condition="!System.HasAddon(plugin.video.OnePlay.Matrix)">InstallAddon(plugin.video.OnePlay.Matrix)</onclick>
						<onclick>ActivateWindow(videos,"plugin://plugin.video.OnePlay.Matrix/pesquisar_filmes/",return)</onclick>
						<visible>!System.AddonIsEnabled(boxmax.ddns.net)</visible>
					</item>
					<item>
						<label>[COLOR violet][B]THUNDER (FILMES)[/B][/COLOR]</label>
						<onclick>Dialog.Close(all)</onclick>
						<onclick condition="System.AddonIsEnabled(plugin://plugin.video.thethunder)">ActivateWindow(videos,"plugin://plugin.video.thethunder/?action=search_movies",return)</onclick>
						<onclick condition="System.HasAddon(plugin://plugin.video.thethunder) + !System.AddonIsEnabled(plugin://plugin.video.thethunder)">EnableAddon(plugin://plugin.video.thethunder)</onclick>
						<onclick condition="!System.HasAddon(plugin://plugin.video.thethunder)">InstallAddon(plugin://plugin.video.thethunder)</onclick>
						<onclick>ActivateWindow(videos,"plugin://plugin.video.thethunder/?action=search_movies",return)</onclick>
						<visible>!System.AddonIsEnabled(boxmax.ddns.net)</visible>
					</item>
					<item>
						<label>[COLOR violet][B]THUNDER (SÉRIES)[/B][/COLOR]</label>
						<onclick>Dialog.Close(all)</onclick>
						<onclick condition="System.AddonIsEnabled(plugin://plugin.video.thethunder)">ActivateWindow(videos,"plugin://plugin.video.thethunder/?action=search_tv_shows",return)</onclick>
						<onclick condition="System.HasAddon(plugin://plugin.video.thethunder) + !System.AddonIsEnabled(plugin://plugin.video.thethunder)">EnableAddon(plugin://plugin.video.thethunder)</onclick>
						<onclick condition="!System.HasAddon(plugin://plugin.video.thethunder)">InstallAddon(plugin://plugin.video.thethunder)</onclick>
						<onclick>ActivateWindow(videos,"plugin://plugin.video.thethunder/?action=search_tv_shows",return)</onclick>
						<visible>!System.AddonIsEnabled(boxmax.ddns.net)</visible>
					</item>
					<item>
						<label>[B]ANIMES[/B]</label>
						<onclick>Dialog.Close(all)</onclick>
						<onclick condition="System.AddonIsEnabled(plugin.video.aguia.animes)">ActivateWindow(videos,"plugin://plugin.video.aguia.animes/?action=pesquisa_anime&amp;iconimage=C%3a%5cUsers%5cBOX%20MAX%5cAppData%5cRoaming%5cKodi%5caddons%5cplugin.video.aguia.animes%5csearch.png&amp;name=%5bB%5dPESQUISAR%5b%2fB%5d",return)</onclick>
						<onclick condition="System.HasAddon(plugin.video.aguia.animes) + !System.AddonIsEnabled(plugin.video.aguia.animes)">EnableAddon(plugin.video.aguia.animes)</onclick>
						<onclick condition="!System.HasAddon(plugin.video.aguia.animes)">InstallAddon(plugin.video.aguia.animes)</onclick>
						<onclick>ActivateWindow(videos,"plugin://plugin.video.aguia.animes/?action=pesquisa_anime&amp;iconimage=C%3a%5cUsers%5cBOX%20MAX%5cAppData%5cRoaming%5cKodi%5caddons%5cplugin.video.aguia.animes%5csearch.png&amp;name=%5bB%5dPESQUISAR%5b%2fB%5d",return)</onclick>
						<visible>!System.AddonIsEnabled(boxmax.ddns.net)</visible>
					</item>
				</content>
			</control>
		</control>
	</controls>
</window>
