<?xml version="1.0" encoding="UTF-8"?>
<window id="1113">
	<defaultcontrol always="true">9000</defaultcontrol>
	<backgroundcolor>background</backgroundcolor>
	<controls>
		<include>DefaultBackground</include>
		<control type="multiimage">
			<depth>DepthBackground</depth>
			<include>FullScreenDimensions</include>
			<aspectratio>scale</aspectratio>
			<fadetime>600</fadetime>
			<animation effect="zoom" center="auto" end="102,102" time="0" condition="Integer.IsGreater(System.StereoscopicMode,0)">conditional</animation>
			<animation effect="fade" start="0" end="100" time="400">WindowOpen</animation>
			<animation effect="fade" start="100" end="0" time="300">WindowClose</animation>
			<animation effect="fade" time="400">VisibleChange</animation>
			<imagepath background="true" colordiffuse="bg_overlay">F:\BOXMAX@FILMES\game\220043.jpg</imagepath>
			<visible>!Player.HasMedia</visible>
		</control>
		<control type="group">
			<animation effect="fade" start="100" end="0" time="200" tween="sine" condition="$EXP[infodialog_active]">Conditional</animation>
			<control type="group" id="400">
				<include>OpenClose_Right</include>
				
				<include content="AddonLauncherPanel">
					<param name="group_id" value="501" />
					<param name="id" value="music" />
					<param name="container_path" value="addons://sources/audio/" />
					<param name="container_target" value="music" />
					<param name="imagewidget_onclick" value="ActivateWindow(addonbrowser,addons://all/xbmc.addon.audio,return)" />
				</include>
				<include content="AddonLauncherPanel">
					<param name="group_id" value="509" />
					<param name="id" value="game" />
					<param name="container_path" value="addons://sources/game/" />
					<param name="container_target" value="games" />
					<param name="imagewidget_onclick" value="ActivateWindow(addonbrowser,addons://all/category.standalonegames,return)" />
				</include>
				<include content="AddonLauncherPanel">
					<param name="group_id" value="502" />
					<param name="id" value="addons" />
					<param name="container_path" value="addons://sources/executable/" />
					<param name="container_target" value="programs" />
					<param name="imagewidget_onclick" value="ActivateWindow(addonbrowser,addons://all/xbmc.addon.executable,return)" />
				</include>
				<include content="AddonLauncherPanel" condition="System.Platform.Android">
					<param name="group_id" value="506" />
					<param name="id" value="android" />
					<param name="container_path" value="androidapp://sources/apps/" />
					<param name="container_target" value="programs" />
				</include>
				<include content="AddonLauncherPanel">
					<param name="group_id" value="503" />
					<param name="id" value="pictures" />
					<param name="container_path" value="addons://sources/image/" />
					<param name="container_target" value="pictures" />
					<param name="imagewidget_onclick" value="ActivateWindow(addonbrowser,addons://all/xbmc.addon.image,return)" />
				</include>
				<include content="AddonLauncherPanel">
					<param name="group_id" value="507" />
					<param name="id" value="download" />
					<param name="container_path" value="addons://all/" />
					<param name="container_target" value="addonbrowser" />
				</include>
				<include content="AddonLauncherPanel">
					<param name="group_id" value="508" />
					<param name="id" value="manage" />
					<param name="container_path" value="addons://user" />
					<param name="container_target" value="addonbrowser" />
				</include>
			</control>
			<control type="group">
				<include>OpenClose_Left</include>
				<control type="fixedlist" id="9000">
					<left>0</left>
					<top>200</top>
					<width>600</width>
					<height>1000</height>
					<pagecontrol>120</pagecontrol>
					<movement>6</movement>
					<focusposition>0</focusposition>
					<onup>800</onup>
					<ondown>800</ondown>
					<onright>SetFocus($INFO[Container(9000).ListItem.Property(menu_id)])</onright>
					<scrolltime tween="cubic" easing="out">500</scrolltime>
					<focusedlayout height="100" width="800">
						<control type="image">
							<left>0</left>
							<right>0</right>
							<bottom>1</bottom>
							<texture colordiffuse="button_focus">lists/focus.png</texture>
							<animation effect="fade" start="100" end="0" time="0" condition="!Control.HasFocus(9000)">Conditional</animation>
						</control>
						<control type="image">
							<left>-100</left>
							<top>0</top>
							<width>100</width>
							<bottom>1</bottom>
							<texture colordiffuse="button_focus">$INFO[ListItem.Art(thumb)]</texture>
							<animation effect="fade" start="0" end="100" time="300" reversible="false">Focus</animation>
						</control>
						<control type="image">
							<left>0</left>
							<width>100</width>
							<bottom>1</bottom>
							<texture colordiffuse="51FFFFFF">colors/black.png</texture>
							<animation effect="fade" start="100" end="0" time="0" condition="!Control.HasFocus(9000)">Conditional</animation>
						</control>
						<control type="image">
							<left>-3</left>
							<top>0</top>
							<width>100</width>
							<bottom>1</bottom>
							<texture>$INFO[ListItem.Art(thumb)]</texture>
						</control>
						<control type="label">
							<left>104</left>
							<bottom>2</bottom>
							<right>10</right>
							<aligny>center</aligny>
							<font>font14</font>
							<label>$INFO[ListItem.Label]</label>
							<shadowcolor>text_shadow</shadowcolor>
						</control>
					</focusedlayout>
					<itemlayout height="100" width="800">
						<control type="label">
							<left>104</left>
							<bottom>6</bottom>
							<right>10</right>
							<aligny>center</aligny>
							<font>font14</font>
							<label>$INFO[ListItem.Label]</label>
							<shadowcolor>text_shadow</shadowcolor>
						</control>
						<control type="image">
							<left>-3</left>
							<top>0</top>
							<width>100</width>
							<bottom>1</bottom>
							<texture colordiffuse="44FFFFFF">$INFO[ListItem.Art(thumb)]</texture>
						</control>
					</itemlayout>
					<content>
						<item id="3">
							<label>YouTube</label>
							<onclick>PlayMedia(&quot;https://archive.org/download/aladdin-usa/Aladdin%20%28USA%29.smc&quot;)</onclick>
							<thumb>https://1.bp.blogspot.com/-hY5-pNrOcKw/XeI_00cpCgI/AAAAAAAAF4A/J7jS49V8kNozycy0PgY6wfc7SUU9gulTgCLcBGAsYHQ/s1600/Youtube-Icon-square-2340x2340.png</thumb>
							<property name="id">video</property>
							<property name="menu_id">$NUMBER[700]</property>
						</item>
						<item id="3">
							<label>Netflex </label>
							<onclick>PlayMedia(&quot;https://archive.org/download/aladdin-usa/Aladdin%20%28USA%29.smc&quot;)</onclick>
							<thumb>https://image.tmdb.org/t/p/original/t2yyOv40HZeVlLjYsCsPHnWLk4W.jpg</thumb>
							<property name="id">video</property>
							<property name="menu_id">$NUMBER[700]</property>
						</item>
						<item id="3">
							<label>HBO Max</label>
							<onclick>PlayMedia(&quot;https://archive.org/download/aladdin-usa/Aladdin%20%28USA%29.smc&quot;)</onclick>
							<thumb>https://www.themoviedb.org/t/p/original/Ajqyt5aNxNGjmF9uOfxArGrdf3X.jpg</thumb>
							<property name="id">video</property>
							<property name="menu_id">$NUMBER[700]</property>
						</item>
						<item id="3">
							<label>Disney+</label>
							<onclick>PlayMedia(&quot;https://archive.org/download/aladdin-usa/Aladdin%20%28USA%29.smc&quot;)</onclick>
							<thumb>https://www.themoviedb.org/t/p/original/7rwgEs15tFwyR9NPQ5vpzxTj19Q.jpg</thumb>
							<property name="id">video</property>
							<property name="menu_id">$NUMBER[700]</property>
						</item>
						<item id="3">
							<label>Prime Video</label>
							<onclick>PlayMedia(&quot;https://archive.org/download/aladdin-usa/Aladdin%20%28USA%29.smc&quot;)</onclick>
							<thumb>https://www.themoviedb.org/t/p/original/emthp39XA2YScoYL1p0sdbAH2WA.jpg</thumb>
							<property name="id">video</property>
							<property name="menu_id">$NUMBER[700]</property>
						</item>
						<item id="3">
							<label>Globoplay</label>
							<onclick>PlayMedia(&quot;https://archive.org/download/aladdin-usa/Aladdin%20%28USA%29.smc&quot;)</onclick>
							<thumb>https://www.themoviedb.org/t/p/original/oBoWstXQFHAlPApyxIQ31CIbNQk.jpg</thumb>
							<property name="id">video</property>
							<property name="menu_id">$NUMBER[700]</property>
						</item>
						<item id="3">
							<label>Apple TV+</label>
							<onclick>PlayMedia(&quot;https://archive.org/download/aladdin-usa/Aladdin%20%28USA%29.smc&quot;)</onclick>
							<thumb>https://www.themoviedb.org/t/p/original/6uhKBfmtzFqOcLousHwZuzcrScK.jpg</thumb>
							<property name="id">video</property>
							<property name="menu_id">$NUMBER[700]</property>
						</item>
						<item id="3">
							<label>Crunchyroll</label>
							<onclick>PlayMedia(&quot;https://archive.org/download/aladdin-usa/Aladdin%20%28USA%29.smc&quot;)</onclick>
							<thumb>https://www.themoviedb.org/t/p/original/8Gt1iClBlzTeQs8WQm8UrCoIxnQ.jpg</thumb>
							<property name="id">video</property>
							<property name="menu_id">$NUMBER[700]</property>
						</item>
					</content>
			</control>
			</control>
			<include content="TopBar">
				<param name="breadcrumbs_label" value="Android" />
			</include>
			<include>BottomBar</include>
			<control type="group">
				<left>10000</left>
			</control>
		</control>
	</controls>
</window>
