<?xml version="1.0" encoding="UTF-8"?>
<window type="dialog" id="1109">
	<defaultcontrol always="true">9000</defaultcontrol>
	<include>Animation_DialogPopupOpenClose</include>
	<controls>
		<control type="group">
			<centerleft>50%</centerleft>
			<width>600</width>
			<centertop>60%</centertop>
			<height>700</height>
			<include content="DialogBackgroundCommons">
				<param name="width" value="600" />
				<param name="height" value="80" />
				<param name="header_label" value="[B]PESQUISAR:[/B]" />
				<param name="header_id" value="PESQUISAR:" />
			</include>
			<control type="panel" id="9000">
				<include>ButtonMenuList</include>
				<content>
					<item>
						<label>[B]PESQUISA (FILMES)[/B]</label>
						<onclick>Dialog.Close(all)</onclick>
						<onclick>ActivateWindow(videos,"library://video\buscar\Videos.xml",return)</onclick>
						<visible>!System.AddonIsEnabled(boxmax.ddns.net)</visible>
					</item>
					<item>
						<label>[B]PESQUISA (SÉRIES)[/B]</label>
						<onclick>Dialog.Close(all)</onclick>
						<onclick>ActivateWindow(videos,"library://video\buscar\Videos.xml",return)</onclick>
						<visible>!System.AddonIsEnabled(boxmax.ddns.net)</visible>
					</item>
					<item>
						<label>[B]PESQUISA (EPISÓDIOS)[/B]</label>
						<onclick>Dialog.Close(all)</onclick>
						<onclick>ActivateWindow(videos,"library://video\buscar\Videos.xml",return)</onclick>
						<visible>!System.AddonIsEnabled(boxmax.ddns.net)</visible>
					</item>
					<item>
						<label>[B]PESQUISA (MÚSICA)[/B]</label>
						<onclick>Dialog.Close(all)</onclick>
						<onclick>ActivateWindow(videos,"library://video\buscar\Videos.xml",return)</onclick>
						<visible>!System.AddonIsEnabled(boxmax.ddns.net)</visible>
					</item>
					<item>
						<label>[B]PESQUISA (ARTISTAS)[/B]</label>
						<onclick>Dialog.Close(all)</onclick>
						<onclick>ActivateWindow(videos,"library://video\buscar\Videos.xml",return)</onclick>
						<visible>!System.AddonIsEnabled(boxmax.ddns.net)</visible>
					</item>
				</content>
			</control>
		</control>
	</controls>
</window>
