<?xml version="1.0" encoding="UTF-8"?>
<window type="dialog" id="1111">
	<defaultcontrol always="true">9000</defaultcontrol>
	<include>Animation_DialogPopupOpenClose</include>
	<controls>
		<control type="group">
			<centerleft>50%</centerleft>
			<width>600</width>
			<centertop>60%</centertop>
			<height>700</height>
			<include content="DialogBackgroundCommons">
				<param name="width" value="600" />
				<param name="height" value="80" />
				<param name="header_label" value="[B]AJUSTES:[/B]" />
				<param name="header_id" value="AJUSTES:" />
			</include>
			<control type="panel" id="9000">
				<include>ButtonMenuList</include>
				<content>
				      <item>
						<label>[B]FAZER LIMPEZA[/B]</label>
						<onclick>RunPlugin(plugin://script.k_cleaner/?url=url&amp;mode=12&amp;name=Clean+Thumbnails+%28+0.00+Mb%29++%2FAll)</onclick>
						<visible>System.AddonIsEnabled(script.k_cleaner)</visible>
					</item>
					<item>
						<label>[B]INSTALAR DO ZIP[/B]</label>
						<onclick>Dialog.Close(all)</onclick>
						<onclick>InstallFromZip</onclick>
					</item>
					<item>
						<label>[B]INSTALAR IPTV[/B]</label>
						<onclick>Dialog.Close(all)</onclick>
						<onclick>InstallAddon(pvr.iptvsimple)</onclick>
						<visible>!System.AddonIsEnabled(pvr.iptvsimple)</visible>
					</item>
					<item>
						<label>[B]GESTÃO DE ARQUIVOS[/B]</label>
						<onclick>Dialog.Close(all)</onclick>
						<onclick>ActivateWindow(filemanager)</onclick>
					</item>
					<item>
						<label>[B]ATUALIZAÇÕES[/B]</label>
						<onclick>Dialog.Close(all)</onclick>
						<onclick>ActivateWindow(10040,"addons://outdated/",return)</onclick>
					</item>
					<item>
						<label>[B]ADICIONAR PLAYLIST[/B]</label>
						<onclick>Dialog.Close(all)</onclick>
						<onclick>Addon.OpenSettings(pvr.iptvsimple)</onclick>
						<visible>System.AddonIsEnabled(pvr.iptvsimple)</visible>
					</item>
					<item>
						<label>[B]PAINEL[/B]</label>
						<onclick>Dialog.Close(all)</onclick>
						<onclick>ActivateWindow(settings)</onclick>
					</item>
					<item>
						<label>[B]REGISTRO[/B]</label>
						<onclick>Dialog.Close(all)</onclick>
						<onclick>ActivateWindow(eventlog)</onclick>
					</item>
					<item>
						<label>[B]DADOS DO SISTEMA[/B]</label>
						<onclick>Dialog.Close(all)</onclick>
						<onclick>ActivateWindow(systeminfo)</onclick>
					</item>
				</content>
			</control>
		</control>
	</controls>
</window>
