<?xml version="1.0" encoding="UTF-8"?>
<window>
	<defaultcontrol>9000</defaultcontrol>
	<include>Animation_DialogPopupOpenClose</include>
	<controls>
		<control type="group">
			<centerleft>50%</centerleft>
			<width>600</width>
			<centertop>50%</centertop>
			<height>700</height>
			<include content="DialogBackgroundCommons">
				<param name="width" value="600" />
				<param name="height" value="100" />
				<param name="header_label" value="$LOCALIZE[31072]" />
				<param name="header_id" value="2" />
			</include>
			<control type="panel" id="9000">
				<include>ButtonMenuList</include>
				<content>
					<item>
						<label>[B]DESLIGAR[/B]</label>
						<onclick>RunPlugin(plugin://script.k_cleaner/?url=url&amp;mode=12)</onclick>
						<onclick>dialog.close(all,true)</onclick>
						<onclick>Quit()</onclick>
						<visible>System.ShowExitButton</visible>
					</item>
					<item>
						<label>[B]ABRIR YOUTUBE[/B]</label>
						<onclick>dialog.close(all,true)</onclick>
						<onclick>StartAndroidActivity(&quot;com.google.android.youtube.tv&quot;)</onclick>
						<visible>System.Platform.Android</visible>
					</item>
					<item>
						<label>$LOCALIZE[13017]</label>
						<onclick>InhibitIdleShutdown(true)</onclick>
						<visible>System.HasShutdown +!System.IdleShutdownInhibited</visible>
					</item>
					<item>
						<label>$LOCALIZE[13018]</label>
						<onclick>InhibitIdleShutdown(false)</onclick>
						<visible>System.HasShutdown + System.IdleShutdownInhibited</visible>
					</item>
				</content>
			</control>
		</control>
	</controls>
</window>
