<?xml version="1.0" encoding="UTF-8"?>
<window>
	<defaultcontrol>9000</defaultcontrol>
	<backgroundcolor>background</backgroundcolor>
	<controls>
		<control type="button" id="20000">
			<include>HiddenObject</include>
			<animation effect="fade" time="300" start="100" end="0">Focus</animation>
			<onfocus>SetFocus(2000)</onfocus>
			<onclick>noop</onclick>
			<visible allowhiddenfocus="true">Control.HasFocus(20000)</visible>
		</control>
		<control type="button" id="20001">
			<include>HiddenObject</include>
			<animation effect="fade" time="300" start="100" end="0">Focus</animation>
			<onfocus>SetFocus(2000)</onfocus>
			<onclick>noop</onclick>
			<visible allowhiddenfocus="true">Control.HasFocus(20001)</visible>
		</control>
		<!--
		<include>DefaultBackground</include>
-->
<!-- Start of EmbyCon Backgrounds -->
		<control type="group">
			<animation effect="fade" start="0" end="100" time="300" condition="Window.Previous(fullscreenvideo) | Window.Previous(startup)">WindowOpen</animation>
			<include>ColoredBackgroundImages</include>
		</control>
		<control type="image">
			<include>FullScreenDimensions</include>
			<aspectratio>scale</aspectratio>
			<fadetime>400</fadetime>
			<animation effect="fade" time="400">VisibleChange</animation>
			<texture background="true" colordiffuse="">https://wallpapercave.com/wp/wp1842477.jpg</texture>
			<visible>String.IsEqual(Container(9000).ListItem.Property(id),weather)</visible>
		</control>			
		<control type="image">
			<include>FullScreenDimensions</include>
			<aspectratio>scale</aspectratio>
			<fadetime>400</fadetime>
			<animation effect="fade" time="400">VisibleChange</animation>
			<texture background="true" colordiffuse="">https://wallpapercave.com/wp/wp5181703.jpg</texture>
			<visible>String.IsEqual(Container(9000).ListItem.Property(id),games)</visible>
		</control>
           <control type="image">
			<include>FullScreenDimensions</include>
			<aspectratio>scale</aspectratio>
			<fadetime>400</fadetime>
			<animation effect="fade" time="400">VisibleChange</animation>
			<texture background="true" colordiffuse="bg_overlay">videos.png</texture>
			<visible>String.IsEqual(Container(9000).ListItem.Property(id),lixeira)</visible>
		</control>
		 <control type="image">
			<include>FullScreenDimensions</include>
			<aspectratio>scale</aspectratio>
			<fadetime>400</fadetime>
			<animation effect="fade" time="400">VisibleChange</animation>
			<texture background="true" colordiffuse="">boxmax2.png</texture>
			<visible>String.IsEqual(Container(9000).ListItem.Property(id),info)</visible>
		</control>
          <control type="image">
			<include>FullScreenDimensions</include>
			<aspectratio>scale</aspectratio>
			<fadetime>400</fadetime>
			<animation effect="fade" time="400">VisibleChange</animation>
			<texture background="true" colordiffuse="">C:\Favorito.jpg</texture>
			<visible>String.IsEqual(Container(9000).ListItem.Property(id),favorites)</visible>
		</control>
          <control type="image">
			<include>FullScreenDimensions</include>
			<aspectratio>scale</aspectratio>
			<fadetime>400</fadetime>
			<animation effect="fade" time="400">VisibleChange</animation>
			<texture background="true" colordiffuse="">https://wallpapercave.com/wp/wp1809305.jpg</texture>
			<visible>String.IsEqual(Container(9000).ListItem.Property(id),addons)</visible>
		</control>							
		<control type="image">
			<include>FullScreenDimensions</include>
			<aspectratio>scale</aspectratio>
			<fadetime>400</fadetime>
			<animation effect="fade" time="400">VisibleChange</animation>
			<texture background="true" colordiffuse="37FFFFFF">$INFO[ListItem.Art(fanart)]</texture>
			<visible>!Skin.HasSetting(no_fanart) + !String.IsEmpty(ListItem.Art(fanart)) + !String.IsEqual(Container(9000).ListItem.Property(id),movies)</visible>
		</control>		
<!-- End of EmbyCon Backgrounds -->		
		<control type="group">
			<animation effect="fade" start="100" end="0" time="200" tween="sine" condition="$EXP[infodialog_active]">Conditional</animation>
			<control type="group" id="2000">
				<left>462</left>
				<animation type="Conditional" condition="Control.IsVisible(20000)" reversible="false">
					<effect type="slide" end="0,20" time="60" tween="sine" />
					<effect type="slide" end="0,-20" time="180" tween="sine" delay="80" />
				</animation>
				<animation type="Conditional" condition="Control.IsVisible(20001)" reversible="false">
					<effect type="slide" end="0,-20" time="60" tween="sine" />
					<effect type="slide" end="0,20" time="180" tween="sine" delay="80" />
				</animation>
				<include>OpenClose_Right</include>
				<control type="group" id="5000">
					<visible>String.IsEqual(Container(9000).ListItem.Property(id),movies)</visible>
					<include content="0">
						<param name="id" value="movies"/>
					</include>
					<control type="grouplist" id="5001">
						<include>WidgetGroupListCommon</include>
						<pagecontrol>5010</pagecontrol>
						<include content="WidgetListCategories">
							<param name="additional_movie_items" value="true"/>
							<param name="widget_header" value="[B]Biblioteca:[/B]"/>
							<param name="widget_target" value="videos"/>
							<param name="list_id" value="5900"/>
						</include>
						<include content="WidgetListPoster" condition="!System.AddonIsEnabled(boxmax.ddns.net) + !Skin.HasSetting(HomeMenuNoMovieButton)">
							<param name="content_path"  value="plugin://plugin.video.Gif.Peg.Tv/?fanart=https%3a%2f%2fimages4.alphacoders.com%2f132%2f1326680.jpeg&amp;mode=1&amp;name=%5bB%5d%5bCOLOR%20white%5dLAN%c3%87AMENTOS%5b%2fCOLOR%5d%5b%2fB%5d&amp;url=https%3a%2f%2fraw.githubusercontent.com%2fGIF553%2fgenerosf%2fmain%2flancamentos"/>
							<param name="widget_header" value="[B]LANÇAMENTOS[/B]"/>
							<param name="widget_target" value="videos"/>
							<param name="list_id" value="5100"/>
						</include>
						<include content="WidgetListPoster" condition="!System.AddonIsEnabled(boxmax.ddns.net) + Skin.HasSetting(HomeMenuNoMovieButton)">
							<param name="content_path"  value="plugin://plugin.video.Gif.Peg.Tv/?fanart&amp;mode=57&amp;name=FILMES%20%7c%20ANIMA%c3%87%c3%83O&amp;url=https%3a%2f%2fraw.githubusercontent.com%2fGIF553%2fMS-Servidor%2fmain%2fMV3"/>
							<param name="widget_header" value="[B]FILMES INFANTIS[/B]"/>
							<param name="widget_target" value="videos"/>
							<param name="list_id" value="5100"/>
						</include>
						<include content="WidgetListPoster" condition="System.AddonIsEnabled(boxmax.ddns.net)">
							<param name="content_path" value="plugin://boxmax.ddns.net?mode=WIDGET_CONTENT&amp;type=recent_movies&amp;reload=$INFO[Window(Home).Property(plugin.video.embycon-embycon_widget_reload)]"/>
							<param name="widget_header" value="[B]Filmes Recentes:[/B]"/>
							<param name="widget_target" value="videos"/>
							<param name="list_id" value="5100"/>
						</include>
						<include content="WidgetListPoster" condition="!String.IsEqual(Window(home).Property(plugin.video.embycon-view_item.0.type),movies)">
							<param name="content_path" value="library://video\CINE ROOM\Flmes\Populares.xml"/>
							<param name="widget_header" value="[B]Populares:[/B]"/>
							<param name="widget_target" value="videos"/>
							<param name="list_id" value="5200"/>
						</include>
						<include content="WidgetListPoster" condition="Library.HasContent(movies)">
							<param name="content_path" value="special://skin/playlists/unwatched_movies.xsp"/>
							<param name="widget_header" value="$LOCALIZE[31007]"/>
							<param name="widget_target" value="videos"/>
							<param name="list_id" value="5300"/>
						</include>
						<include content="WidgetListPoster" condition="Library.HasContent(movies)">
							<param name="content_path" value="special://skin/playlists/random_movies.xsp"/>
							<param name="widget_header" value="$LOCALIZE[31006]"/>
							<param name="widget_target" value="videos"/>
							<param name="list_id" value="5400"/>
						</include>
						<include content="WidgetListCategories" condition="!System.AddonIsEnabled(boxmax.ddns.net) + !Skin.HasSetting(HomeMenuNoMovieButton)">
							<param name="content_path" value="plugin://plugin.video.youtube/kodion/search/query/?q=Bolofofos&amp;search_type=playlist"/>
							<param name="widget_header" value="$LOCALIZE[135]"/>
							<param name="widget_target" value="videos"/>
							<param name="list_id" value="5500"/>
							<param name="icon" value="$VAR[WidgetGenreIconVar]"/>
							<param name="icon_height" value="109"/>
						</include>
						<include content="WidgetListPoster" condition="!String.IsEqual(Window(home).Property(plugin.video.embycon-view_item.0.type),movies)">
							<param name="content_path" value="library://video\Filmes\CINE ROOM\Sagas.xml"/>
							<param name="widget_header" value="$LOCALIZE[31075]"/>
							<param name="widget_target" value="videos"/>
							<param name="sortby" value="random"/>
							<param name="list_id" value="5600"/>
						</include>
					</control>
					<include content="WidgetScrollbar" condition="Skin.HasSetting(touchmode)">
						<param name="scrollbar_id" value="5010"/>
					</include>
				</control>
				<control type="group" id="6000">
					<visible>String.IsEqual(Container(9000).ListItem.Property(id),tvshows)</visible>
					<include content="0">
						<param name="id" value="tvshows"/>
					</include>
					<control type="grouplist" id="6001">
						<include>WidgetGroupListCommon</include>
						<pagecontrol>6010</pagecontrol>
						<include content="WidgetListCategories">
							<param name="additional_tvshow_items" value="true"/>
							<param name="widget_header" value="[B]Tags:[/B]"/>
							<param name="widget_target" value="videos"/>
							<param name="list_id" value="6900"/>
						</include>
						<include content="WidgetListPoster" condition="Library.HasContent(movies) + !Skin.HasSetting(HomeMenuNoMovieButton)">
							<param name="content_path1" value="special://skin/playlists/recent_unwatched_movies.xsp"/>
							<param name="content_path3" value="special://skin/playlists/unwatched_tvshows.xsp"/>
							<param name="widget_header" value="[B]Pack Recentes:[/B]"/>
							<param name="widget_target" value="videos"/>
							<param name="list_id" value="6200"/>
						</include>
						<include content="WidgetListPVR" condition="System.HasPVRAddon + !Skin.HasSetting(HomeMenuNoMovieButton)">
							<param name="content_path" value="pvr://channels/tv"/>
							<param name="widget_header" value="$LOCALIZE[19173]"/>
							<param name="widget_target" value="tvguide"/>
							<param name="list_id" value="6554"/>
							<param name="item_treshold" value="1"/>
						</include>
						<include content="WidgetListSquare">
							<param name="content_path" value="addons://sources/video/"/>
							<param name="widget_header" value="[B]MELHORES ADDONS[/B]"/>
							<param name="widget_target" value="videos"/>
							<param name="sortby" value="lastused"/>
							<param name="sortorder" value="descending"/>
							<param name="list_id" value="6555"/>
							<param name="fallback_icon" value="DefaultAddon.png"/>
						</include>
						<include content="WidgetListCategories" condition="Library.HasContent(movies)">
							<param name="content_path" value="library://video\meus pacotes\movies\tags.xml"/>
							<param name="widget_header" value="$LOCALIZE[135]"/>
							<param name="widget_target" value="videos"/>
							<param name="list_id" value="6556"/>
							<param name="icon" value="$VAR[WidgetGenreIconVar]"/>
							<param name="icon_height" value="120"/>
						</include>
					</control>
					<include content="WidgetScrollbar" condition="Skin.HasSetting(touchmode)">
						<param name="scrollbar_id" value="6010"/>
					</include>
				</control>
				<control type="group" id="7000">
					<visible>String.IsEqual(Container(9000).ListItem.Property(id),music)</visible>
					<include content="0">
						<param name="id" value="music"/>
					</include>
					<control type="grouplist" id="7001">
						<include>WidgetGroupListCommon</include>
						<pagecontrol>7010</pagecontrol>
						<include content="WidgetListCategories" condition="System.AddonIsEnabled(boxmax.ddns.net) + !Skin.HasSetting(home_no_categories_widget)">
							<param name="content_path" value="library://music\boxmax"/>
							<param name="widget_header" value="$LOCALIZE[31148]"/>
							<param name="widget_target" value="music"/>
							<param name="list_id" value="7900"/>
						</include>
						<include content="WidgetListSquare" condition="System.AddonIsEnabled(boxmax.ddns.net)">
							<param name="content_path" value="plugin://boxmax.ddns.net?mode=WIDGET_CONTENT&amp;type=Reproduzido (a) Frequentemente&amp;reload=$INFO[Window(Home).Property(plugin.video.embycon-embycon_widget_reload)]"/>
							<param name="widget_header" value="[B]REPRODUZIDO (A) FREQUENTEMENTE[/B]"/>
							<param name="widget_target" value="music"/>
							<param name="list_id" value="7100"/>
							<param name="fallback_icon" value="DefaultMusicAlbums.png"/>
							
							
						</include>
						<include content="WidgetListSquare" condition="Library.HasContent(music)">
							<param name="content_path" value="plugin://boxmax.ddns.net?mode=WIDGET_CONTENT&amp;type=Reproduzido (a) Recentemente&amp;reload=$INFO[Window(Home).Property(plugin.video.embycon-embycon_widget_reload)]"/>
							<param name="widget_header" value="$LOCALIZE[359]"/>
							<param name="widget_target" value="music"/>
							<param name="list_id" value="7200"/>
							<param name="fallback_icon" value="DefaultMusicAlbums.png"/>
							<param name="onclick_condition" value="true"/>
							<param name="onclick_action" value="$VAR[AlbumOnClickActionVar]"/>
						</include>
						<include content="WidgetListSquare" condition="Library.HasContent(music)">
							<param name="content_path" value="special://skin/playlists/random_albums.xsp"/>
							<param name="widget_header" value="$LOCALIZE[31012]"/>
							<param name="widget_target" value="music"/>
							<param name="list_id" value="7300"/>
							<param name="fallback_icon" value="DefaultMusicAlbums.png"/>
							<param name="onclick_condition" value="true"/>
							<param name="onclick_action" value="$VAR[AlbumOnClickActionVar]"/>
						</include>
						<include content="WidgetListSquare" condition="Library.HasContent(music)">
							<param name="content_path" value="special://skin/playlists/random_artists.xsp"/>
							<param name="widget_header" value="$LOCALIZE[31013]"/>
							<param name="widget_target" value="music"/>
							<param name="list_id" value="7400"/>
							<param name="fallback_icon" value="DefaultMusicArtists.png"/>
						</include>
						<include content="WidgetListSquare" condition="Library.HasContent(music)">
							<param name="content_path" value="special://skin/playlists/unplayed_albums.xsp"/>
							<param name="widget_header" value="$LOCALIZE[31014]"/>
							<param name="widget_target" value="music"/>
							<param name="list_id" value="7500"/>
							<param name="fallback_icon" value="DefaultMusicAlbums.png"/>
							<param name="onclick_condition" value="true"/>
							<param name="onclick_action" value="$VAR[AlbumOnClickActionVar]"/>
						</include>
						<include content="WidgetListSquare" condition="Library.HasContent(music)">
							<param name="content_path" value="special://skin/playlists/mostplayed_albums.xsp"/>
							<param name="widget_header" value="$LOCALIZE[31011]"/>
							<param name="widget_target" value="music"/>
							<param name="list_id" value="7600"/>
							<param name="fallback_icon" value="DefaultMusicAlbums.png"/>
							<param name="sortby" value="playcount"/>
							<param name="sortorder" value="descending"/>
							<param name="onclick_condition" value="true"/>
							<param name="onclick_action" value="$VAR[AlbumOnClickActionVar]"/>
						</include>
					</control>
					
					<include content="WidgetScrollbar" condition="Skin.HasSetting(touchmode)">
						<param name="scrollbar_id" value="7010"/>
					</include>
				</control>
				<control type="group" id="8000">
					<visible>String.IsEqual(Container(9000).ListItem.Property(id),addons)</visible>
					<include content="0">
						<param name="id" value="addons"/>
					</include>
					<control type="grouplist" id="8001">
						<include>WidgetGroupListCommon</include>
						<pagecontrol>8010</pagecontrol>
						<include content="WidgetListSquare">
							<param name="content_path" value="addons://sources/video/"/>
							<param name="widget_header" value="[B]MELHORES ADDONS[/B]"/>
							<param name="widget_target" value="videos"/>
							<param name="sortby" value="lastused"/>
							<param name="sortorder" value="descending"/>
							<param name="list_id" value="8100"/>
							<param name="fallback_icon" value="DefaultAddon.png"/>
						</include>
					</control>
					<include content="ImageWidget">
						<param name="text_label" value="$LOCALIZE[31119]" />
						<param name="button_label" value="$LOCALIZE[31118]" />
						<param name="button_onclick" value="ActivateWindow(addonbrowser)"/>
						<param name="button_id" value="8600"/>
						<param name="visible" value="!Integer.IsGreater(Container(8001).NumItems,0)"/>
						<param name="button2_onclick" value="Skin.SetBool(HomeMenuNoProgramsButton)"/>
					</include>
					<include content="WidgetScrollbar" condition="Skin.HasSetting(touchmode)">
						<param name="scrollbar_id" value="8010"/>
					</include>
				</control>
				<control type="group" id="11000">
					<visible>String.IsEqual(Container(9000).ListItem.Property(id),video)</visible>
					<include content="0">
						<param name="id" value="video"/>
					</include>
					<control type="grouplist" id="11001">
						<include>WidgetGroupListCommon</include>
						<pagecontrol>11010</pagecontrol>
						<include content="WidgetListEpisodes" condition="!String.IsEqual(Window(home).Property(plugin.video.embycon-view_item.0.type),movies)">
							<param name="content_path" value="plugin://plugin.video.youtube/special/popular_right_now/"/>
							<param name="widget_header" value="O que assistir"/>
							<param name="widget_target" value="videos"/>
							<param name="list_id" value="11900"/>
						</include>
						<include content="WidgetListEpisodes" condition="!String.IsEqual(Window(home).Property(plugin.video.embycon-view_item.0.type),movies)">
							<param name="content_path" value="plugin://plugin.video.youtube/playlist/PLRDnnvx-4xZ1W6tj38Fun0sZPnTaf1JgW/"/>
							<param name="widget_header" value="$LOCALIZE[20094]"/>
							<param name="widget_target" value="videos"/>
							<param name="list_id" value="11100"/>
						</include>
						<include content="WidgetListCategories">
							<param name="content_path" value="special://videoplaylists/"/>
							<param name="widget_header" value="$LOCALIZE[136]"/>
							<param name="widget_target" value="videos"/>
							<param name="list_id" value="11200"/>
							<param name="icon" value="DefaultPlaylist.png"/>
						</include>
					</control>
					<include content="ImageWidget">
						<param name="text_label" value="$LOCALIZE[31105]" />
						<param name="button_label" value="$LOCALIZE[31110]" />
						<param name="button_onclick" value="ActivateWindow(videos,root)"/>
						<param name="button_id" value="11300"/>
						<param name="visible" value="!Integer.IsGreater(Container(11001).NumItems,0)"/>
						<param name="button2_onclick" value="Skin.SetBool(HomeMenuNoVideosButton)"/>
					</include>
					<include content="WidgetScrollbar" condition="Skin.HasSetting(touchmode)">
						<param name="scrollbar_id" value="11010"/>
					</include>
				</control>
				<control type="group" id="12000">
					<visible>String.IsEqual(Container(9000).ListItem.Property(id),livetv)</visible>
					<include content="0">
						<param name="id" value="livetv"/>
					</include>
					<control type="grouplist" id="12001">
						<include>WidgetGroupListCommon</include>
						<pagecontrol>12010</pagecontrol>
						<include content="WidgetListCategories" condition="System.HasPVRAddon">
							<param name="content_path" value="pvr://tv/"/>
							<param name="widget_header" value="$LOCALIZE[31148]"/>
							<param name="list_id" value="12900"/>
						</include>
						<include content="WidgetListPVR" condition="System.HasPVRAddon">
							<param name="content_path" value="pvr://recordings/tv/active?view=flat"/>
							<param name="sortby" value="date"/>
							<param name="sortorder" value="descending"/>
							<param name="widget_header" value="$LOCALIZE[31015]"/>
							<param name="item_limit" value="15"/>
							<param name="list_id" value="12300"/>
							<param name="label" value="$INFO[ListItem.Title]$INFO[ListItem.Date, (,)]"/>
							<param name="label2" value="$VAR[SeasonEpisodeLabel]$INFO[ListItem.EpisodeName]"/>
						</include>
						<include content="WidgetListPVR" condition="System.HasPVRAddon">
							<param name="content_path" value="pvr://timers/tv/timers/?view=hidedisabled"/>
							<param name="sortorder" value="ascending"/>
							<param name="sortby" value="date"/>
							<param name="widget_header" value="$LOCALIZE[19040]"/>
							<param name="widget_target" value="tvtimers"/>
							<param name="item_limit" value="15"/>
							<param name="list_id" value="12400"/>
							<param name="label" value="$INFO[ListItem.Title]$INFO[ListItem.Date, (,)]"/>
							<param name="label2" value="$VAR[SeasonEpisodeLabel]$INFO[ListItem.EpisodeName]"/>
						</include>
						<include content="WidgetListPVR" condition="System.HasPVRAddon">
							<param name="content_path" value="pvr://channels/tv"/>
							<param name="widget_header" value="$LOCALIZE[19173]"/>
							<param name="widget_target" value="tvguide"/>
							<param name="list_id" value="12500"/>
							<param name="item_treshold" value="1"/>
						</include>
						<include content="WidgetListPVR" condition="System.HasPVRAddon">
							<param name="content_path" value="pvr://search/tv/savedsearches"/>
							<param name="sortorder" value="descending"/>
							<param name="sortby" value="date"/>
							<param name="widget_header" value="$LOCALIZE[19337]"/>
							<param name="widget_target" value="tvsearch"/>
							<param name="list_id" value="12600"/>
						</include>
					</control>
					<include content="ImageWidget" condition="!System.HasPVRAddon">
						<param name="text_label" value="$LOCALIZE[31143]" />
						<param name="button_label" value="$LOCALIZE[31144]" />
						<param name="button_onclick" value="ActivateWindow(addonbrowser,addons://default_binary_addons_source/kodi.pvrclient,return)"/>
						<param name="button_id" value="12400"/>
						<param name="button2_onclick" value="Skin.SetBool(HomeMenuNoTVButton)"/>
					</include>
					<include content="WidgetScrollbar" condition="Skin.HasSetting(touchmode)">
						<param name="scrollbar_id" value="12010"/>
					</include>
				</control>
				<control type="group" id="13000">
					<visible>String.IsEqual(Container(9000).ListItem.Property(id),radio)</visible>
					<include content="0">
						<param name="id" value="radio"/>
					</include>
					<control type="grouplist" id="13001">
						<include>WidgetGroupListCommon</include>
						<pagecontrol>13010</pagecontrol>
						<include content="WidgetListCategories" condition="System.HasPVRAddon">
							<param name="content_path" value="pvr://radio/"/>
							<param name="widget_header" value="$LOCALIZE[31148]"/>
							<param name="list_id" value="13900"/>
						</include>
						<include content="WidgetListPVR" condition="System.HasPVRAddon">
							<param name="content_path" value="pvr://channels/radio/*?view=lastplayed"/>
							<param name="sortby" value="lastplayed"/>
							<param name="sortorder" value="descending"/>
							<param name="widget_header" value="$LOCALIZE[31018]"/>
							<param name="item_limit" value="15"/>
							<param name="list_id" value="13200"/>
							<param name="info_update" value="5000"/>
						</include>
						<include content="WidgetListPVR" condition="System.HasPVRAddon">
							<param name="content_path" value="pvr://recordings/radio/active?view=flat"/>
							<param name="sortby" value="date"/>
							<param name="sortorder" value="descending"/>
							<param name="widget_header" value="$LOCALIZE[31015]"/>
							<param name="item_limit" value="15"/>
							<param name="list_id" value="13300"/>
							<param name="label" value="$INFO[ListItem.Title]$INFO[ListItem.Date, (,)]"/>
							<param name="label2" value="$VAR[SeasonEpisodeLabel]$INFO[ListItem.EpisodeName]"/>
						</include>
						<include content="WidgetListPVR" condition="System.HasPVRAddon">
							<param name="content_path" value="pvr://timers/radio/timers/?view=hidedisabled"/>
							<param name="sortorder" value="ascending"/>
							<param name="sortby" value="date"/>
							<param name="widget_header" value="$LOCALIZE[19040]"/>
							<param name="widget_target" value="radiotimers"/>
							<param name="item_limit" value="15"/>
							<param name="list_id" value="13400"/>
							<param name="label" value="$INFO[ListItem.Title]$INFO[ListItem.Date, (,)]"/>
							<param name="label2" value="$VAR[SeasonEpisodeLabel]$INFO[ListItem.EpisodeName]"/>
						</include>
						<include content="WidgetListPVR" condition="System.HasPVRAddon">
							<param name="content_path" value="pvr://channels/radio"/>
							<param name="widget_header" value="$LOCALIZE[19174]"/>
							<param name="widget_target" value="radioguide"/>
							<param name="list_id" value="13500"/>
							<param name="item_treshold" value="1"/>
						</include>
						<include content="WidgetListPVR" condition="System.HasPVRAddon">
							<param name="content_path" value="pvr://search/radio/savedsearches"/>
							<param name="sortorder" value="descending"/>
							<param name="sortby" value="date"/>
							<param name="widget_header" value="$LOCALIZE[19337]"/>
							<param name="widget_target" value="radiosearch"/>
							<param name="list_id" value="13600"/>
						</include>
					</control>
					<include content="ImageWidget" condition="!System.HasPVRAddon">
						<param name="text_label" value="$LOCALIZE[31143]" />
						<param name="button_label" value="$LOCALIZE[31144]" />
						<param name="button_onclick" value="ActivateWindow(addonbrowser,addons://default_binary_addons_source/kodi.pvrclient,return)"/>
						<param name="button_id" value="13400"/>
						<param name="button2_onclick" value="Skin.SetBool(HomeMenuNoRadioButton)"/>
					</include>
					<include content="WidgetScrollbar" condition="Skin.HasSetting(touchmode)">
						<param name="scrollbar_id" value="13010"/>
					</include>
				</control>
				<control type="group" id="14000">
					<visible>String.IsEqual(Container(9000).ListItem.Property(id),favorites)</visible>
					<include content="0">
						<param name="id" value="favorites"/>
					</include>
					<control type="panel" id="14100">
						<left>65</left>
						<top>0</top>
						<right>0</right>
						<bottom>0</bottom>
						<onleft>9000</onleft>
						<onright>9000</onright>
						<onup>14100</onup>
						<ondown>14100</ondown>
						<preloaditems>2</preloaditems>
						<scrolltime tween="cubic" easing="out">500</scrolltime>
						<orientation>vertical</orientation>
						<pagecontrol>14010</pagecontrol>
						<visible>Integer.IsGreater(Container(14100).NumItems,0) | Container(14100).IsUpdating</visible>
						<itemlayout width="330" height="401">
							<control type="group">
								<top>130</top>
								<include content="InfoWallMusicLayout">
									<param name="fallback_image" value="DefaultFavourites.png" />
									<param name="focused" value="false" />
								</include>
							</control>
						</itemlayout>
						<focusedlayout width="330" height="401">
							<control type="group">
								<depth>DepthContentPopout</depth>
								<top>130</top>
								<animation effect="zoom" start="100" end="110" time="200" tween="sine" easing="inout" center="170,320">Focus</animation>
								<animation effect="zoom" start="110" end="100" time="200" tween="sine" easing="inout" center="170,320">UnFocus</animation>
								<include content="InfoWallMusicLayout">
									<param name="fallback_image" value="DefaultFavourites.png" />
									<param name="focused" value="true" />
								</include>
							</control>
						</focusedlayout>
						<content>favourites://</content> 
						<visible>!Skin.HasSetting(HomeMenuNoMovieButton)</visible>
					</control>
					
					<include content="WidgetScrollbar" condition="Skin.HasSetting(touchmode)">
						<param name="scrollbar_id" value="14010"/>
					</include>
				</control>
				<control type="group" id="15000">
					<visible>String.IsEqual(Container(9000).ListItem.Property(id),weather)</visible>
					<include content="0">
						<param name="id" value="weather"/>
					</include>
					<control type="grouplist" id="15001">
						<include>WidgetGroupListCommon</include>
						<pagecontrol>15010</pagecontrol>
						<control type="group" id="16678">
							<description>Weather info</description>
							<left>68</left>
							<right>70</right>
							<top>102</top>
							<height>360</height>
							<visible>!String.IsEmpty(Weather.plugin)</visible>
							<control type="image">
								<bottom>90</bottom>
								<width>100%</width>
								<texture border="21">dialogs/dialog-bg.png</texture>
							</control>
							<control type="label">
								<left>840</left>
								<top>60</top>
								<aligny>center</aligny>
								<height>24</height>
								<right>60</right>
								<align>right</align>
								<font>font30_title</font>
								<label>$INFO[Weather.Location]</label>
							</control>
							<control type="label">
								<left>840</left>
								<top>120</top>
								<aligny>center</aligny>
								<height>24</height>
								<right>60</right>
								<align>right</align>
								<font>font14</font>
								<label>$INFO[Weather.Conditions]</label>
							</control>
							<control type="label">
								<left>840</left>
								<top>180</top>
								<aligny>center</aligny>
								<height>24</height>
								<right>60</right>
								<align>right</align>
								<font>font14</font>
								<label>$INFO[Weather.Temperature]</label>
							</control>
							<control type="grouplist">
								<top>50</top>
								<left>50</left>
								<right>20</right>
								<orientation>horizontal</orientation>
								<align>left</align>
								<itemgap>-110</itemgap>
								<include content="WeatherIconHome" condition="!String.IsEmpty(Weather.Plugin)">
									<param name="label" value="Window(weather).Property(Current.Wind)" />
									<param name="texture" value="icons/weather/wind.png" />
									<param name="header" value="404" />
								</include>
								<include content="WeatherIconHome" condition="!String.IsEmpty(Weather.Plugin)">
									<param name="label" value="Window(weather).Property(Current.Humidity)" />
									<param name="texture" value="icons/weather/humidity.png" />
									<param name="header" value="406" />
								</include>
								<include content="WeatherIconHome" condition="!String.IsEmpty(Weather.Plugin)">
									<param name="label" value="Window(weather).Property(Current.Precipitation)" />
									<param name="texture" value="icons/weather/rain.png" />
									<param name="header" value="33021" />
								</include>
								<include content="WeatherIconHome" condition="!String.IsEmpty(Weather.Plugin)">
									<param name="label" value="Window(weather).Property(Today.Sunrise)" />
									<param name="texture" value="icons/weather/sunrise.png" />
									<param name="header" value="405" />
								</include>
								<include content="WeatherIconHome" condition="!String.IsEmpty(Weather.Plugin)">
									<param name="label" value="Window(weather).Property(Today.Sunset)" />
									<param name="texture" value="icons/weather/sunset.png" />
									<param name="header" value="403" />
								</include>
							</control>
						</control>
						<include content="WeatherWidget" condition="!String.IsEmpty(Weather.Plugin)">
							<param name="content_include" value="DailyItems" />
							<param name="list_id" value="15200" />
							<param name="widget_header" value="$LOCALIZE[31019]"/>
							<param name="visible" value="!String.IsEmpty(Window(weather).Property(Daily.IsFetched))" />
						</include>
						<include content="WeatherWidget" condition="!String.IsEmpty(Weather.Plugin)">
							<param name="content_include" value="HourlyItems" />
							<param name="list_id" value="15100" />
							<param name="widget_header" value="$LOCALIZE[33036]"/>
							<param name="visible" value="!String.IsEmpty(Window(weather).Property(Hourly.IsFetched))" />
						</include>
					</control>
					<include content="ImageWidget" condition="String.IsEmpty(Weather.plugin)">
						<param name="text_label" value="$LOCALIZE[31120]" />
						<param name="button_label" value="$LOCALIZE[31121]" />
						<param name="button_onclick" value="ActivateWindow(servicesettings,weather)"/>
						<param name="button_id" value="15300"/>
						<param name="button2_onclick" value="Skin.SetBool(HomeMenuNoWeatherButton)"/>
					</include>
					<include content="WidgetScrollbar" condition="Skin.HasSetting(touchmode)">
						<param name="scrollbar_id" value="15010"/>
					</include>
				</control>
				<control type="group" id="16000">
					<visible>String.IsEqual(Container(9000).ListItem.Property(id),lixeira)</visible>
					<include content="0">
						<param name="id" value="lixeira"/>
					</include>
					<control type="grouplist" id="16678">
						<include>WidgetGroupListCommon</include>
						<pagecontrol>16010</pagecontrol>
						<include content="ImageWidget" condition="!Library.HasContent(movies)">
						<param name="text_label" value="$LOCALIZE[31104]" />
						<param name="button_label" value="$LOCALIZE[31110]" />
						<param name="button_onclick" value="ShowPicture(C:\Users\BOX MAX\Pictures\Nova pasta (4)\FLIX.png)"/>
						<param name="button_id" value="5500"/>
						<param name="button2_onclick" value="ShowPicture(C:\Users\BOX MAX\Pictures\Nova pasta (4)\FLIX.png)"/>
					</include>
					</control>
					<include content="WidgetScrollbar" condition="Skin.HasSetting(touchmode)">
						<param name="scrollbar_id" value="16010"/>
					</include>
				</control>
				<control type="group" id="4000">
					<visible>String.IsEqual(Container(9000).ListItem.Property(id),pictures)</visible>
					<include content="0">
						<param name="id" value="pictures"/>
					</include>
					<control type="grouplist" id="4001">
						<include>WidgetGroupListCommon</include>
						<include content="WidgetListCategories" condition="!Skin.HasSetting(HomeMenuNoPicturesButton)">
							<param name="content_path" value="sources://pictures/"/>
							<param name="widget_header" value="$LOCALIZE[20094]"/>
							<param name="widget_target" value="pictures"/>
							<param name="list_id" value="4100"/>
							<param name="icon_height" value="110"/>
						</include>
					</control>
				</control>
				<control type="group" id="17000">
					<visible>String.IsEqual(Container(9000).ListItem.Property(id),games)</visible>
					<include content="0">
						<param name="id" value="games"/>
					</include>
					<control type="grouplist" id="17001">
						<include>WidgetGroupListCommon</include>
						<pagecontrol>17010</pagecontrol>
						<include content="WidgetListSquare">
							<param name="content_path" value="library://games\Tags"/>
							<param name="widget_header" value="$LOCALIZE[35049]"/>
							<param name="widget_target" value="games"/>
							<param name="sortby" value="lastused"/>
							<param name="sortorder" value="descending"/>
							<param name="list_id" value="17200"/>
							<param name="fallback_icon" value="DefaultAddonGame.png"/>
						</include>
					</control>
					<include content="WidgetScrollbar" condition="Skin.HasSetting(touchmode)">
						<param name="scrollbar_id" value="17010"/>
					</include>
				</control>
				<control type="group" id="21000">
					<visible>String.IsEqual(Container(9000).ListItem.Property(id),disc)</visible>
					<include content="0">
						<param name="id" value="disc"/>
					</include>
					<include content="ImageWidget">
						<param name="text_label" value="$INFO[System.DVDLabel]" />
						<param name="button_label" value="$LOCALIZE[341]" />
						<param name="button_onclick" value="PlayDisc"/>
						<param name="button_id" value="21100"/>
						<param name="visible" value="true"/>
						<param name="button2_label" value="$LOCALIZE[13391]"/>
						<param name="button2_onclick" value="EjectTray()"/>
						<param name="button3_label" value="$LOCALIZE[600]"/>
						<param name="button3_onclick" value="RipCD"/>
						<param name="visible_3" value="System.HasMediaAudioCD"/>
					</include>
				</control>
			</control>
			<control type="group">
				<depth>DepthContentPanel</depth>
				<include>OpenClose_Left</include>
				<include content="ContentPanel">
					<param name="width" value="522" />
				</include>
				<control type="fixedlist" id="9000">
					<left>0</left>
					<top>240</top>
					<width>462</width>
					<bottom>-10</bottom>
					<movement>7</movement>
					<focusposition>0</focusposition>
					<onfocus>ClearProperty(listposition,home)</onfocus>
					<onright>SetFocus($INFO[Container(9000).ListItem.Property(menu_id)])</onright>
					<onup>700</onup>
					<ondown>700</ondown>
					<scrolltime tween="cubic" easing="out">500</scrolltime>
					<focusedlayout height="100">
						<control type="group">
							<animation effect="fade" start="100" end="0" time="0">UnFocus</animation>
							<control type="image">
								<left>0</left>
								<top>0</top>
								<width>462</width>
								<height>100</height>
								<texture colordiffuse="button_focus">lists/focus.png</texture>
								<animation effect="fade" start="100" end="0" time="0" condition="[!Control.HasFocus(9000) + !ControlGroup(700).HasFocus] | System.HasActiveModalDialog">Conditional</animation>
							</control>
							<control type="image">
								<left>-3</left>
								<top>1</top>
								<width>100</width>
								<height>100</height>
								<texture colordiffuse="button_focus">$INFO[ListItem.Art(thumb)]</texture>
								<animation effect="fade" start="0" end="100" time="300" reversible="false">Focus</animation>
							</control>
							<control type="image">
								<left>0</left>
								<top>0</top>
								<width>100</width>
								<height>100</height>
								<texture colordiffuse="51FFFFFF">colors/black.png</texture>
								<animation effect="fade" start="100" end="0" time="0" condition="[!Control.HasFocus(9000) + !ControlGroup(700).HasFocus] | System.HasActiveModalDialog">Conditional</animation>
							</control>
						</control>
						<control type="image">
							<left>-3</left>
							<top>1</top>
							<width>100</width>
							<height>100</height>
							<texture>$INFO[ListItem.Art(thumb)]</texture>
						</control>
						<control type="label">
							<left>104</left>
							<top>0</top>
							<height>100</height>
							<width>560</width>
							<aligny>center</aligny>
							<font>font37</font>
							<label>$INFO[ListItem.Label]</label>
							<shadowcolor>text_shadow</shadowcolor>
						</control>
					</focusedlayout>
					<itemlayout height="100">
						<control type="image">
							<left>-3</left>
							<top>1</top>
							<width>100</width>
							<height>100</height>
							<texture colordiffuse="44FFFFFF">$INFO[ListItem.Art(thumb)]</texture>
						</control>
						<control type="label">
							<left>104</left>
							<top>0</top>
							<height>100</height>
							<width>560</width>
							<aligny>center</aligny>
							<font>font37</font>
							<label>$INFO[ListItem.Label]</label>
							<shadowcolor>text_shadow</shadowcolor>
						</control>
					</itemlayout>
					<content>
						<item>
							<label>[B]Média[/B]</label>
							<property name="menu_id">$NUMBER[6000]</property>
							<thumb>Filmes2.png</thumb>
							<property name="id">tvshows</property>
							<visible>Skin.HasSetting(HomeMenuNoMovieButton)</visible>
						</item>
						<item>
							<label>[B]Média[/B]</label>
							<property name="menu_id">$NUMBER[6000]</property>
							<onclick>ActivateWindow(1119)</onclick>
							<thumb>Filmes2.png</thumb>
							<property name="id">tvshows</property>
							<visible>!Skin.HasSetting(HomeMenuNoMovieButton)</visible>
						</item>
						<item>
							<label>$LOCALIZE[427]</label>
							<onclick>PlayDisc</onclick>
							<property name="menu_id">$NUMBER[21000]</property>
							<thumb>icons/sidemenu/disc.png</thumb>
							<property name="id">disc</property>
							<visible>System.HasMediaDVD</visible>
						</item>
						
						<item>
							<label>[B]Android[/B]</label>
							<property name="menu_id">$NUMBER[9000]</property>
							<onclick>ActivateWindow(1113)</onclick>
							<thumb>batch_android.png</thumb>
							<property name="id">Android</property>
							<visible>Skin.HasSetting(HomeMenuNofiButton)</visible>
						</item>
						<item>
							<label>[B]‎Favoritos[/B]</label>
							<onclick>ActivateWindow(favouritesbrowser)</onclick>
							<property name="menu_id">$NUMBER[14000]</property>
							<thumb>Romance.png</thumb>
							<property name="id">favorites</property>
							<visible>!Skin.HasSetting(HomeMenuNoMovieButton)</visible>
						</item>
						<item>
							<label>[B]‎Games[/B]</label>
							<property name="menu_id">$NUMBER[17000]</property>
							<onclick>ActivateWindow(games,"library://games",return)</onclick>
							<thumb>games.png</thumb>
							<property name="id">games</property>
						</item>
						<item>
							<label>[B]Clima[/B]</label>
							<onclick condition="!String.IsEmpty(Weather.Plugin)">ActivateWindow(Weather)</onclick>
							<onclick condition="String.IsEmpty(Weather.Plugin)">ReplaceWindow(servicesettings,weather)</onclick>
							<property name="menu_id">$NUMBER[15000]</property>
							<thumb>weather.png</thumb>
							<property name="id">weather</property>
							<visible>!Skin.HasSetting(HomeMenuNoMovieButton)</visible>
						</item>
					</content>
				</control>
				<control type="grouplist" id="700">
					<orientation>horizontal</orientation>
					<itemgap>0</itemgap>
					<left>-8</left>
					<width>480</width>
					<height>110</height>
					<top>100</top>
					<onup>SetFocus(9000,99,absolute)</onup>
					<ondown>SetFocus(9000,0,absolute)</ondown>
					<onright>2000</onright>
					<align>justify</align>
					<include content="IconButton">
						<param name="control_id" value="804" />
						<param name="onclick" value="ActivateWindow(shutdownmenu)" />
						<param name="icon" value="icons/power.png" />
						<param name="label" value="$LOCALIZE[33060]" />
					</include>
					<include content="IconButton">
						<param name="control_id" value="802" />
						<param name="onclick" value="ActivateWindow(1111)" />
						<param name="icon" value="icons/settings.png" />
						<param name="label" value="$LOCALIZE[21417]" />
						<param name="visible" value="!Skin.HasSetting(HomeMenuNoMovieButton)" />
					</include>
					<include content="IconButton">
						<param name="control_id" value="8016" />
						<param name="onclick" value="ActivateWindow(1120)" />
						<param name="icon" value="icons/search.png" />
						<param name="label" value="$LOCALIZE[137]" />
						<param name="visible" value="!Skin.HasSetting(HomeMenuNoMovieButton)" />
					</include>
					<include content="IconButton">
						<param name="control_id" value="803" />
						<param name="onclick" value="Fullscreen" />
						<param name="icon" value="icons/now-playing/fullscreen.png" />
						<param name="label" value="$LOCALIZE[31000]" />
						<param name="visible" value="Player.HasMedia" />
					</include>
					<include content="IconButton">
						<param name="control_id" value="8033" />
						<param name="onclick" value="ActivateWindow(videoplaylist)" />
						<param name="icon" value="icons/now-playing/play.png" />
						<param name="label" value="$LOCALIZE[31056]" />
						<param name="visible" value="Integer.IsGreater(Playlist.Length(video),0) + !Skin.HasSetting(HomeMenuNoMovieButton)" />
					</include>
				</control>
			</control>
			<include>BottomBar</include>
			<control type="group">
				<depth>DepthBars</depth>
				<bottom>0</bottom>
				<height>70</height>
				<animation effect="fade" start="0" end="100" time="300" delay="300">WindowOpen</animation>
				<animation effect="fade" start="100" end="0" time="200">WindowClose</animation>
				<include condition="!Skin.HasSetting(hide_mediaflags)" content="MediaFlags">
					<param name="infolabel_prefix" value="Container." />
					<param name="resolution_var" value="$VAR[ContainerResolutionFlagVar]" />
				</include>
				<control type="rss">
					<animation effect="slide" end="0,90" time="300" tween="sine" easing="inout" condition="$EXP[infodialog_active]">conditional</animation>
					<left>0</left>
					<bottom>0</bottom>
					<height>50</height>
					<width>100%</width>
					<font>font12</font>
					<urlset>1</urlset>
					<hitrect x="-100" y="0" w="1" h="1" />
					<titlecolor>button_focus</titlecolor>
					<textcolor>button_focus</textcolor>
					<shadowcolor>text_shadow</shadowcolor>
					<headlinecolor>FFC0C0C0</headlinecolor>
					<visible>Skin.HasSetting(hide_mediaflags) | !ControlGroup(2000).HasFocus</visible>
					<animation effect="fade" time="300">VisibleChange</animation>
				</control>
			</control>
			<include content="TopBar">
				<param name="breadcrumbs_label" value="" />
			</include>
			<control type="group">
				<depth>DepthBars</depth>
				<animation effect="slide" end="0,-90" time="300" tween="sine" easing="inout" condition="$EXP[infodialog_active]">conditional</animation>
				<animation effect="fade" start="0" end="100" time="300">WindowOpen</animation>
				<animation effect="fade" start="100" end="0" time="200">WindowClose</animation>
				<top>0</top>
				<left>10</left>
				<control type="image">
					<left>0</left>
					<top>0</top>
					<aspectratio>keep</aspectratio>
					<width>330</width>
					<height>100</height>
					<texture>logo.png</texture>
				</control>
				<control type="image">
					<left>338</left>
					<aspectratio>keep</aspectratio>
					<width>100</width>
					<height>100</height>
					<texture>padrão.png</texture>
					<visible>!Skin.HasSetting(HomeMenuNoMovieButton)</visible>
				</control>
				<control type="image">
					<left>338</left>
					<aspectratio>keep</aspectratio>
					<width>100</width>
					<height>100</height>
					<texture>Kids.png</texture>
					<visible>Skin.HasSetting(HomeMenuNoMovieButton)</visible>
				</control>
				<control type="image">
					<left>100</left>
					<top>900</top>
					<aspectratio>keep</aspectratio>
					<width>200</width>
					<height>100</height>
					<texture>FELIPE.png</texture>
					<visible>!Skin.HasSetting(HomeMenuNoMovieButton)</visible>
				</control>
			</control>
		</control>
	</controls>
</window>
