<?xml version="1.0" encoding="UTF-8"?>
<includes>
    <include name="CategoryLabel">
        <param name="visible">true</param>
        <definition>
            <control type="label" id="$PARAM[list_id]666">
                <top>-20</top>
                <left>30</left>
                <width>1500</width>
                <height>140</height>
                <label>[UPPERCASE]$PARAM[label][/UPPERCASE]</label>
                <textcolor>disabled</textcolor>
                <visible>$PARAM[visible]</visible>
                <visible>Integer.IsGreater(Container($PARAM[list_id]).NumItems,0) | Container($PARAM[list_id]).IsUpdating</visible>
            </control>
        </definition>
    </include>
    <include name="WidgetListPoster">
        <include>Animation.Common</include>
        <include content="CategoryLabel">
            <param name="label">$PARAM[widget_header]</param>
            <param name="list_id" value="$PARAM[list_id]"/>
        </include>
        <control type="panel" id="$PARAM[list_id]">
            <visible>Integer.IsGreater(Container($PARAM[list_id]).NumItems,0) | Container($PARAM[list_id]).IsUpdating</visible>
            <top>15</top>
            <left>0</left>
            <width>1970</width>
            <height>640</height>
            <onleft>9005</onleft>
            <onback>9005</onback>
            <preloaditems>2</preloaditems>
            <orientation>Horizontal</orientation>
            <viewtype label="21371">list</viewtype>
            <itemlayout height="445" width="282">
                <control type="image">
                    <top>80</top>
                    <left>40</left>
                    <width>242</width>
                    <height>362</height>
                    <texture>overlays/diffuse-overlay.png</texture>
                </control>
                <control type="label">
                    <left>40</left>
                    <width>242</width>
                    <top>440</top>
                    <height>50</height>
                    <label>$INFO[ListItem.Label]</label>
                </control>
                <control type="image">
                    <left>40</left>
                    <top>80</top>
                    <width>242</width>
                    <height>362</height>
                    <aspectratio align="center" aligny="center">scale</aspectratio>
                    <texture background="true" fallback="DefaultFallbackMovies.png">$INFO[ListItem.Art(poster)]$INFO[ListItem.Art(thumb)]</texture>
                </control>
                <include content="OverlayIcons">
                    <param name="OverlayLeft" value="225" />
                    <param name="OverlayTop" value="78" />
                </include>
            </itemlayout>
            <focusedlayout height="445" width="282">
                <include content="SelectedItemBackground">
                    <param name="Left" value="30" />
                    <param name="Top" value="70" />
                    <param name="Width" value="262" />
                    <param name="Height" value="422" />
                </include>
                <control type="image">
                    <top>80</top>
                    <left>40</left>
                    <width>242</width>
                    <height>362</height>
                    <texture>overlays/diffuse-overlay.png</texture>
                </control>
                <control type="label">
                    <left>40</left>
                    <width>242</width>
                    <top>440</top>
                    <height>50</height>
                    <label>$INFO[ListItem.Label]</label>
                </control>
                <control type="image">
                    <left>40</left>
                    <top>80</top>
                    <width>242</width>
                    <height>362</height>
                    <aspectratio align="center" aligny="center">scale</aspectratio>
                    <texture background="true" fallback="DefaultFallbackMovies.png">$INFO[ListItem.Art(poster)]$INFO[ListItem.Art(thumb)]</texture>
                </control>
                <include content="OverlayIcons">
                    <param name="OverlayLeft" value="225" />
                    <param name="OverlayTop" value="78" />
                </include>
            </focusedlayout>
            <content limit="0" sortby="$PARAM[sortby]" sortorder="$PARAM[sortorder]" target="$PARAM[widget_target]">$PARAM[content_path]</content>
        </control>
    </include>
    <!--<include name="WidgetListActor">
        <include>Animation.Common</include>
        <include content="CategoryLabel">
            <param name="label">$PARAM[widget_header]</param>
            <param name="list_id" value="$PARAM[list_id]"/>
        </include>
        <control type="panel" id="$PARAM[list_id]">
            <visible>Integer.IsGreater(Container($PARAM[list_id]).NumItems,0) | Container($PARAM[list_id]).IsUpdating</visible>
            <top>15</top>
            <left>0</left>
            <width>1970</width>
            <height>640</height>
            <onleft>9005</onleft>
            <onback>9005</onback>
            <preloaditems>2</preloaditems>
            <orientation>Horizontal</orientation>
            <viewtype label="21371">list</viewtype>
            <itemlayout height="445" width="282">
                <control type="image">
                    <top>80</top>
                    <left>40</left>
                    <width>242</width>
                    <height>362</height>
                    <texture>overlays/diffuse-overlay.png</texture>
                </control>
                <control type="label">
                    <left>40</left>
                    <width>242</width>
                    <top>440</top>
                    <height>50</height>
                    <label>$INFO[ListItem.Label]</label>
                </control>
                <control type="image">
                    <left>40</left>
                    <top>80</top>
                    <width>242</width>
                    <height>362</height>
                    <aspectratio align="center" aligny="center">scale</aspectratio>
                    <texture background="true" fallback="actor_fallback.png">$INFO[ListItem.Art(thumb)]</texture>
                </control>
            </itemlayout>
            <focusedlayout height="445" width="282">
                <include content="SelectedItemBackground">
                    <param name="Left" value="30" />
                    <param name="Top" value="70" />
                    <param name="Width" value="262" />
                    <param name="Height" value="422" />
                </include>
                <control type="image">
                    <top>80</top>
                    <left>40</left>
                    <width>242</width>
                    <height>362</height>
                    <texture>overlays/diffuse-overlay.png</texture>
                </control>
                <control type="label">
                    <left>40</left>
                    <width>242</width>
                    <top>440</top>
                    <height>50</height>
                    <label>$INFO[ListItem.Label]</label>
                </control>
                <control type="image">
                    <left>40</left>
                    <top>80</top>
                    <width>242</width>
                    <height>362</height>
                    <aspectratio align="center" aligny="center">scale</aspectratio>
                    <texture background="true" fallback="actor_fallback.png">$INFO[ListItem.Art(thumb)]</texture>
                </control>
            </focusedlayout>
            <content limit="16" sortby="$PARAM[sortby]" sortorder="$PARAM[sortorder]" target="$PARAM[widget_target]">$PARAM[content_path]</content>
        </control>
    </include>-->
    <include name="WidgetListLandscape">
        <include>Animation.Common</include>
        <include content="CategoryLabel">
            <param name="label">$PARAM[widget_header]</param>
            <param name="list_id" value="$PARAM[list_id]"/>
        </include>
        <control type="panel" id="$PARAM[list_id]">
            <visible>Integer.IsGreater(Container($PARAM[list_id]).NumItems,0) | Container($PARAM[list_id]).IsUpdating</visible>
            <top>15</top>
            <left>0</left>
            <width>1970</width>
            <height>495</height>
            <onleft>9005</onleft>
            <onback>9005</onback>
            <preloaditems>2</preloaditems>
            <orientation>Horizontal</orientation>
            <viewtype label="21371">list</viewtype>
            <itemlayout height="296" width="424">
                <control type="image">
                    <top>80</top>
                    <left>40</left>
                    <width>384</width>
                    <height>216</height>
                    <texture>overlays/diffuse-overlay.png</texture>
                </control>
                <control type="label">
                    <left>40</left>
                    <width>384</width>
                    <top>294</top>
                    <height>50</height>
                    <label>$PARAM[label]</label>
                </control>
                <control type="image">
                    <left>40</left>
                    <top>80</top>
                    <width>384</width>
                    <height>216</height>
                    <aspectratio align="center" aligny="center">scale</aspectratio>
                    <texture background="true" fallback="$PARAM[fallback_landscape]">$INFO[ListItem.Art(landscape)]$INFO[ListItem.Art(thumb)]</texture>
                </control>
                <include content="OverlayIcons">
                    <param name="OverlayLeft" value="365" />
                    <param name="OverlayTop" value="80" />
                </include>
            </itemlayout>
            <focusedlayout height="296" width="424">
                <include content="SelectedItemBackground">
                    <param name="Left" value="30" />
                    <param name="Top" value="70" />
                    <param name="Width" value="404" />
                    <param name="Height" value="276" />
                </include>
                <control type="image">
                    <top>80</top>
                    <left>40</left>
                    <width>384</width>
                    <height>216</height>
                    <texture>overlays/diffuse-overlay.png</texture>
                </control>
                <control type="label">
                    <left>40</left>
                    <width>384</width>
                    <top>294</top>
                    <height>50</height>
                    <label>$PARAM[label]</label>
                </control>
                <control type="image">
                    <left>40</left>
                    <top>80</top>
                    <width>384</width>
                    <height>216</height>
                    <aspectratio align="center" aligny="center">scale</aspectratio>
                    <texture background="true" fallback="$PARAM[fallback_landscape]">$INFO[ListItem.Art(landscape)]$INFO[ListItem.Art(thumb)]</texture>
                </control>
                <include content="OverlayIcons">
                    <param name="OverlayLeft" value="365" />
                    <param name="OverlayTop" value="80" />
                </include>
            </focusedlayout>
            <content limit="50" sortorder="$PARAM[sortorder]" sortby="$PARAM[sortby]" target="$PARAM[widget_target]">$PARAM[content_path]</content>
        </control>
    </include>
    <include name="WidgetListSquare">
        <include>Animation.Common</include>
        <include content="CategoryLabel">
            <param name="label">$PARAM[widget_header]</param>
            <param name="list_id" value="$PARAM[list_id]"/>
        </include>
        <control type="panel" id="$PARAM[list_id]">
            <visible>Integer.IsGreater(Container($PARAM[list_id]).NumItems,0) | Container($PARAM[list_id]).IsUpdating</visible>
            <top>15</top>
            <left>0</left>
            <width>1970</width>
            <height>575</height>
            <onleft>9005</onleft>
            <onback>9005</onback>
            <preloaditems>2</preloaditems>
            <orientation>Horizontal</orientation>
            <viewtype label="21371">list</viewtype>
            <itemlayout height="380" width="340">
                <control type="image">
                    <top>80</top>
                    <left>40</left>
                    <width>300</width>
                    <height>300</height>
                    <texture>overlays/diffuse-overlay.png</texture>
                </control>
                <control type="label">
                    <left>40</left>
                    <width>300</width>
                    <top>378</top>
                    <height>50</height>
                    <label>$PARAM[label]</label>
                </control>
                <control type="image">
                    <left>40</left>
                    <top>80</top>
                    <width>300</width>
                    <height>300</height>
                    <aspectratio align="center" aligny="center">$PARAM[aspect]</aspectratio>
                    <texture background="true" fallback="$PARAM[fallback_icon]">$PARAM[icon]</texture>
                </control>
                <include content="OverlayIcons">
                    <param name="OverlayLeft" value="281" />
                    <param name="OverlayTop" value="78" />
                </include>
            </itemlayout>
            <focusedlayout height="380" width="340">
                <include content="SelectedItemBackground">
                    <param name="Left" value="30" />
                    <param name="Top" value="70" />
                    <param name="Width" value="320" />
                    <param name="Height" value="360" />
                </include>
                <control type="image">
                    <top>80</top>
                    <left>40</left>
                    <width>300</width>
                    <height>300</height>
                    <texture>overlays/diffuse-overlay.png</texture>
                </control>
                <control type="label">
                    <left>40</left>
                    <width>300</width>
                    <top>378</top>
                    <height>50</height>
                    <label>$PARAM[label]</label>
                </control>
                <control type="image">
                    <left>40</left>
                    <top>80</top>
                    <width>300</width>
                    <height>300</height>
                    <aspectratio align="center" aligny="center">$PARAM[aspect]</aspectratio>
                    <texture background="true" fallback="$PARAM[fallback_icon]">$PARAM[icon]</texture>
                </control>
                <include content="OverlayIcons">
                    <param name="OverlayLeft" value="281" />
                    <param name="OverlayTop" value="78" />
                </include>
            </focusedlayout>
            <content limit="16" sortorder="$PARAM[sortorder]" sortby="$PARAM[sortby]" target="$PARAM[widget_target]">$PARAM[content_path]</content>
        </control>
    </include>
</includes>