<?xml version="1.0" encoding="UTF-8"?>
<window>
	<defaultcontrol always="true">500</defaultcontrol>
	<backgroundcolor>background</backgroundcolor>
	<views>50,52,53,55,500</views>
	<menucontrol>9000</menucontrol>
	<controls>
		<!--
		<include>DefaultBackground</include>
-->
<!-- Start of EmbyCon Backgrounds -->
		<control type="group">
			<animation effect="fade" start="0" end="100" time="300" condition="Window.Previous(fullscreenvideo) | Window.Previous(startup)">WindowOpen</animation>
			<include>ColoredBackgroundImages</include>
		</control>
		<control type="image">
			<include>FullScreenDimensions</include>
			<aspectratio>scale</aspectratio>
			<fadetime>400</fadetime>
			<animation effect="fade" time="400">VisibleChange</animation>
			<texture background="true" colordiffuse="bg_overlay">C:\Favorito.jpg</texture>
		</control>			
		<control type="group">
			<animation effect="fade" start="100" end="0" time="200" tween="sine" condition="$EXP[infodialog_active]">Conditional</animation>
			<include>View_50_List</include>
			<include>View_52_IconWall</include>
			<include>View_53_Shift</include>
			<include>View_55_WideList</include>
			<include>View_500_Wall</include>
			<control type="group">
				<depth>DepthContentPanel</depth>
				<include>OpenClose_Left</include>
				<include>Visible_Left</include>
				<visible>Control.IsVisible(55)</visible>
				<include>ListThumbInfoPanel</include>
			</control>
			<include content="TopBar">
				<param name="breadcrumbs_label" value="$LOCALIZE[1036]" />
			</include>
			<include content="BottomBar">
				<param name="info_visible" value="true" />
			</include>
			<include>CommonScrollbars</include>
			<include>MediaMenuMouseOverlay</include>
			<control type="group">
				<include>MediaMenuCommon</include>
				<control type="grouplist" id="9000">
					<top>50</top>
					<include>MediaMenuListCommon</include>
					<include>MediaMenuNowPlaying</include>
				</control>
			</control>
		</control>
	</controls>
</window>
