<?xml version="1.0" encoding="UTF-8"?>
<window>
    <onload condition="!System.AddonIsEnabled(plugin.video.elementum)">EnableAddon(plugin.video.elementum)</onload>
	<onload condition="!System.AddonIsEnabled(plugin.video.elementum)">EnableAddon(plugin.video.Gif.Peg.Tv)</onload>
	<onload condition="!System.AddonIsEnabled(plugin.video.elementum)">EnableAddon(plugin.video.f4mTester)</onload>
	<onload condition="!System.AddonIsEnabled(plugin.video.elementum)">EnableAddon(plugin.video.OnePlay.Matrix)</onload>
	<onload condition="!System.AddonIsEnabled(plugin.video.elementum)">EnableAddon(plugin.video.CineDragon_Matrix)</onload>
	<onload condition="!System.AddonIsEnabled(plugin.video.elementum)">EnableAddon(script.flixcast)</onload>
	<onload condition="!System.AddonIsEnabled(plugin.video.elementum)">EnableAddon(game.libretro.snes9x)</onload>
	<onload condition="!System.AddonIsEnabled(plugin.video.elementum)">EnableAddon(weather.gismeteo)</onload>
	<onload condition="!System.AddonIsEnabled(plugin.video.elementum)">EnableAddon(plugin.program.autocompletion)</onload>
	<onload condition="!System.AddonIsEnabled(plugin.video.elementum)">Skin.Theme(1)</onload>
	<onload condition="!System.AddonIsEnabled(plugin.video.elementum)">Notification(Bem-Vindo(a).,OBRIGADO POR SER UM BETA TESTER!,[,time2,imageC:\Users\BOX MAX\Pictures\120.png])</onload>
	<onload>ReplaceWindow($INFO[System.StartupWindow])</onload>
	<controls />
</window>
