﻿<?xml version="1.0" encoding="UTF-8" standalone="yes"?>
<addon id="plugin.video.twtutoriais" name="-[B][COLOR mediumblue]CANAL [/COLOR][COLOR lime]TW[/COLOR][COLOR yellow] TUTORIAIS[/COLOR][/B]-" version="1.0.2" provider-name="Created by TEAM TWTUTORIAIS">
  <requires>
    <import addon="plugin.video.youtube" version="5.0.0"/>
  </requires>
	
  <extension point="xbmc.python.pluginsource" library="default.py">
    <provides>video</provides>
  </extension>
	
  <extension point="xbmc.addon.metadata">
  <news>
Add-on Retirado ds REPO TONY WARLLEY TUTORIAIS, não baixe Add-ons que não sejam Oficial, Add-ons Oficiais somente no CANAL TONY WARLLEY TUTORIAIS.
        </news>
    <summary lang="en">Addon com Todos Vídeos do Canal TW TUTORIAIS</summary>
    <description lang="en">Assista a TODOS VÍDEOS DO MEU CANAL</description>
    <platform>all</platform>
    <forum></forum>
    <website></website>
	<assets>
    <icon>icon.png</icon>
	<fanart>fanart.jpg</fanart>
    </assets>
  </extension>
</addon>
