<?xml version="1.0" encoding="UTF-8" standalone="yes"?>
<addon id="plugin.video.AnimeHall" name="[COLOR orange]Anime Hall[/COLOR]" version="LATAN2.0" provider-name="AngelAaron mod by Kodish Team">
  <requires>
    <import addon="xbmc.python2" version="3.0.0"/>
    <import addon="plugin.video.youtube" version="5.0.0"/>
  </requires>
 <extension point="xbmc.python.pluginsource" library="default.py">
    <provides>video</provides>
 </extension>
 <extension point="xbmc.addon.metadata">
    <summary lang="en">[COLOR orange]Anime Hall[/COLOR]</summary>
    <description lang="en">Todo el contenido de este addon esta sacado de Youtube, NO PAGUES, ESTE ADDON ES GRATUITO</description>
    <platform>all</platform>
    <forum></forum>
    <website></website>
    <assets>
    <icon>icon.gif</icon>
	<fanart>fanart.jpg</fanart>
    </assets>
 </extension>
</addon>
