<?xml version="1.0" encoding="UTF-8" standalone="yes"?>
<addon id="plugin.video.carnaval2023" name="Carnaval 2023" version="1.0" provider-name="Kodish Team"> 
  <requires>
    <import addon="plugin.video.youtube" /> 
  </requires>
  <extension point="xbmc.python.pluginsource" library="default.py">
    <provides>video</provides>
  </extension>
  <extension point="xbmc.addon.metadata">
    <summary lang="en">Carnaval 2023</summary>
    <description lang="en">Carnaval 2023 RJ/SP</description>
    <disclaimer lang="en"></disclaimer>
    <platform>all</platform>
    <forum>n/a</forum>
    <website>n/a</website>
	<news></news>
	<assets>
		<icon>icon.png</icon>
		<fanart>fanart.jpg</fanart>
	  </assets>
  </extension>
</addon>