﻿<?xml version="1.0" encoding="UTF-8" standalone="yes"?>
<addon id="plugin.video.canaldabiblia" name="Canal da Biblia" version="1.0.0" provider-name="Kodishmc">
  <requires>
    <import addon="xbmc.python" version="3.0.0"/>
    <import addon="plugin.video.youtube" version="5.0.0"/>
  </requires>
	
  <extension point="xbmc.python.pluginsource" library="default.py">
    <provides>video</provides>
  </extension>
	
  <extension point="xbmc.addon.metadata">
    <summary lang="en">Canal da Biblia</summary>
    <description lang="en">Addon que tem os Livros completos da Biblia Na Voz Inenaravel Cid Morreira </description>
    <platform>all</platform>
    <forum></forum>
    <website></website>
  </extension>
</addon>
