<?xml version="1.0" encoding="UTF-8" standalone="yes"?>
<addon id="plugin.video.musicbrazuka" name="[B][COLOR green]MUSIC [COLOR yellow]BRAZUKA[/B][/COLOR]" version="KDS2.0" provider-name="Kodish Team (Mod)">
  <requires>
    <import addon="xbmc.python2" version="3.0.0"/>
    <import addon="plugin.video.youtube" version="5.0.0"/>
  </requires>
 <extension point="xbmc.python.pluginsource" library="default.py">
    <provides>video</provides>
 </extension>
 <extension point="xbmc.addon.metadata">
    <summary lang="en">[B][COLOR green]MUSIC [COLOR yellow]BRAZUKA[/B][/COLOR]</summary>
    <description lang="en">Esse addon contem shows e clipes de Rock, Pop, Reggae, MPB, Samba, Pagode e Axe Brasileiros ! ! </description>
    <platform>all</platform>
    <forum></forum>
    <website></website>
    <assets>
    <icon>icon.png</icon>
	<fanart>fanart.jpg</fanart>
    </assets>
 </extension>
</addon>
