<?xml version="1.0" encoding="UTF-8" standalone="yes"?>
<addon id="plugin.video.TrapalhoesTV" name="Trapalhoes TV" version="2.0" provider-name="Kodish Team">
  <requires> 
    <import addon="xbmc.python" version="2.1.0"/>
    <import addon="script.module.addon.common" version="2.0.0"/>
    <import addon="plugin.video.youtube" version="5.0.0"/>
  </requires>
	
  <extension point="xbmc.python.pluginsource" library="default.py">
    <provides>video</provides>
  </extension>
	
  <extension point="xbmc.addon.metadata">
  <news>
	atualização dos episodios e compativel com Python 3 do Kodi 19
   </news>
    <summary lang="en">Addon dos Trapalhoes</summary>
    <description lang="en">Addons de Filmes dos Trapalhoes</description>
    <platform>all</platform>
    <forum></forum>
    <website></website>
  </extension>
</addon>
