<?xml version="1.0" encoding="UTF-8" standalone="yes"?>
<addon id="plugin.video.magufo" name="Magufo" version="KDS2.0" provider-name="Alex303 - Hiraya Software mod by Kodish">
  <requires>
    <import addon="xbmc.python2" version="3.0.0"/>
    <import addon="plugin.video.youtube" version="5.0.0"/>
  </requires>
 <extension point="xbmc.python.pluginsource" library="default.py">
    <provides>video</provides>
 </extension>
 <extension point="xbmc.addon.metadata">
    <summary lang="en">Magufo</summary>
    <description lang="en">KDS2.0</description>
    <platform>all</platform>
    <forum></forum>
    <website></website>
    <assets>
    <icon>icon.jpg</icon>
	<icon>fanart.jpg</icon>
    </assets>
 </extension>
</addon>
