<?xml version="1.0" encoding="UTF-8" standalone="yes"?>
<addon id="plugin.video.gospelcolection" name="Gospel Colection" version="1.0" provider-name="Kodish Team">
    <requires>
        <import addon="xbmc.python" version="3.0.0"/>
    </requires>
    <extension point="xbmc.python.pluginsource" library="default.py">
        <provides>video</provides>
    </extension>
    <extension point="xbmc.addon.metadata">
        <platform>all</platform>
        <summary>Gospel Colection</summary>
        <description>Playlist de Sucessos Gospel Colection</description>
        <assets>
            <icon>icon.png</icon>
            <fanart>fanart.jpg</fanart>
        </assets>
    </extension>
</addon>
