﻿<?xml version="1.0" encoding="UTF-8" standalone="yes"?>
<addon id="Kodish.utils" name="[B]Kodish Utils[/B]" version="2.0" provider-name="Kodish Team">
  <requires>
    <import addon="xbmc.python" version="3.0.0"/>
    <import addon="script.kodi.loguploader"/>
	<import addon="script.speedtester"/>
  </requires>
	
  <extension point="xbmc.python.pluginsource" library="default.py">
    <provides>video</provides>
  </extension>
	
  <extension point="xbmc.addon.metadata">
    <summary lang="en">Kodish Utils</summary>
    <description lang="en">Addon Kodish Utils seu primeiro top ferramentas manuteção do Kodi</description>
    <platform>all</platform>
    <forum></forum>
	<assets>
    <icon>icon.png</icon>
	<fanart>fanart.jpg</fanart>
    </assets>
    <website></website>
  </extension>
</addon>
