<?xml version="1.0" encoding="UTF-8" standalone="yes"?>
<addon id="plugin.video.vrlivre" name="[COLOR blue]VRlivreTV[/COLOR] [COLOR red]By Sergio[/COLOR]" version="KDS2.0" provider-name="Sergio Tools e Mod Kodish Team">
  <requires>
    <import addon="xbmc.python2" version="3.0.0"/>
    <import addon="plugin.video.youtube" version="5.0.0"/>
  </requires>
 <extension point="xbmc.python.pluginsource" library="default.py">
    <provides>video</provides>
 </extension>
 <extension point="xbmc.addon.metadata">
    <summary lang="en">[COLOR blue]VRlivreTV[/COLOR] [COLOR red]By Sergio[/COLOR]</summary>
    <description lang="en">VRlivreTV - Nosso Agregador de Links e Conteúdos Educacionais</description>
    <platform>all</platform>
    <forum></forum>
    <website></website>
    <assets>
    <icon>icon.png</icon>
	<fanart>fanart.jpg</fanart>
    </assets>
 </extension>
</addon>
