<?xml version="1.0" encoding="UTF-8" standalone="yes"?>
<addon id="plugin.video.kboing" name="Kboing fm" version="1.0" provider-name="Kodish MC">
    <requires>
        <import addon="xbmc.python" version="2.1.0"/>
    </requires>
    <extension point="xbmc.python.pluginsource" library="default.py">
        <provides>video</provides>
    </extension>
    <extension point="xbmc.addon.metadata">
        <platform>all</platform>
        <summary>Kboing fm</summary>
        <description>Kboing fm</description>
        <assets>
            <icon>icon.png</icon>
            <fanart>fanart.jpg</fanart>
        </assets>
    </extension>
</addon>
