<?xml version="1.0" encoding="UTF-8" standalone="yes"?>
<addon id="plugin.video.cacaonova" name="Cancao Nova" version="1.0.0" provider-name="Kodish Mc">
  <requires>
    <import addon="xbmc.python" version="3.0.0"/>
    <import addon="plugin.video.youtube" version="5.0.0"/>
  </requires>
	
  <extension point="xbmc.python.pluginsource" library="default.py">
    <provides>video</provides>
  </extension>
	
  <extension point="xbmc.addon.metadata">
    <summary lang="en">Cancao Nova</summary>
    <description lang="en">Canal da Cancao Nova para Kodi</description>
    <platform>all</platform>
    <forum></forum>
    <website></website>
	<assets>
    <icon>icon.png</icon>
    </assets>
  </extension>
</addon>
