<?xml version="1.0" encoding="UTF-8" standalone="yes"?>
<addon id="plugin.music.MuramatsuKaraoke" name="Muramatsu Karaoke" version="KDS2.0" provider-name="Kodish Mc">
  <requires>
    <import addon="xbmc.python2" version="3.0.0"/>
  </requires>
	
  <extension point="xbmc.python.pluginsource" library="default.py">
    <provides>video</provides>
  </extension>
	
  <extension point="xbmc.addon.metadata">
    <summary lang="en">Muramatsu Karaoke</summary>
    <description lang="en">Solta sua voz karaoke mas famoso da Internet Muramatsu Karaoke</description>
    <platform>all</platform>
    <forum></forum>
    <website></website>
	<assets>
    <icon>icon.png</icon>
    </assets>
  </extension>
</addon>
