﻿<?xml version="1.0" encoding="UTF-8" standalone="yes"?>
<addon id="plugin.video.viagenstwt" name="-[B][COLOR blue]VIAGENS[/COLOR] e [COLOR gold]AVENTURAS[/COLOR][/B]-" version="1.0.0" provider-name="Created by TONYWARLLEY">
  <requires>
    <!import addon="script.module.addon.common" version="2.0.0"/>
    <import addon="plugin.video.youtube" version="5.0.0"/>
  </requires>
	
  <extension point="xbmc.python.pluginsource" library="default.py">
    <provides>video</provides>
  </extension>
	
  <extension point="xbmc.addon.metadata">
  <news>
Add-on Retirado da MEGAREPO TWTUTORIAIS, não baixe Add-ons que não sejam Oficial, Add-ons Oficiais somente no CANAL TWTUTORIAIS.
        </news>
    <summary lang="en">Addon com Todos Vídeos do Canal Tony Warlley</summary>
    <description lang="en">Assista a TODOS VÍDEOS DO MEU CANAL</description>
    <platform>all</platform>
    <forum></forum>
    <website></website>
	<assets>
    <icon>icon.png</icon>
	<fanart>fanart.jpg</fanart>
    </assets>
  </extension>
</addon>