<?xml version="1.0" encoding="UTF-8" standalone="yes"?>
<addon id="plugin.video.bbcbrasil" version="1.0.0" name="BBC Brasil" provider-name="Kodish Team">
  <requires>
    <import addon="plugin.video.youtube" version="5.0.0"/>
  </requires>
	
  <extension point="xbmc.python.pluginsource" library="default.py">
    <provides>video</provides>
  </extension>
	
  <extension point="xbmc.addon.metadata">
    <summary lang="en">BBC Brasil</summary>
    <description lang="en">Addon do canal de noticias da BBC Brasil</description>
    <platform>all</platform>
    <forum></forum>
    <website></website>
	<assets>
    <icon>icon.png</icon>
    </assets>
  </extension>
</addon>
