<?xml version="1.0" encoding="UTF-8"?>
<colors>
	<color name="primary_background">00000000</color>
	<color name="secondary_background">330BAA8E</color><!330BAA8E>
	<color name="dialog_tint">FF1A2123</color> <!FF1A2123>
	<color name="background">00000000</color>
	<color name="bg_image">00000000</color>
	<color name="bg_overlay">00000000</color>
	<color name="black">00000000</color>
	<color name="white">FFF0F0F0</color>
	<color name="grey">FFA0A0A0</color>
	<color name="blue">FF7ACAFE</color>
	<color name="red">FFCE4421</color>
	<color name="button_focus">FF12A0C7</color>
	<color name="button_alt_focus">8012A0C7</color>
	<color name="text_shadow">22000000</color>
	<color name="border_alpha">DCDCDCDC</color>
	<color name="disabled">40FFFFFF</color>
	<color name="selected">FFFFB70F</color>
	<color name="invalid">FFFF0000</color>
</colors>
